Emotions,Path
neutral,RavdessData\Actor_01\03-01-01-01-01-01-01.wav
neutral,RavdessData\Actor_01\03-01-01-01-01-02-01.wav
neutral,RavdessData\Actor_01\03-01-01-01-02-01-01.wav
neutral,RavdessData\Actor_01\03-01-01-01-02-02-01.wav
calm,RavdessData\Actor_01\03-01-02-01-01-01-01.wav
calm,RavdessData\Actor_01\03-01-02-01-01-02-01.wav
calm,RavdessData\Actor_01\03-01-02-01-02-01-01.wav
calm,RavdessData\Actor_01\03-01-02-01-02-02-01.wav
calm,RavdessData\Actor_01\03-01-02-02-01-01-01.wav
calm,RavdessData\Actor_01\03-01-02-02-01-02-01.wav
calm,RavdessData\Actor_01\03-01-02-02-02-01-01.wav
calm,RavdessData\Actor_01\03-01-02-02-02-02-01.wav
happy,RavdessData\Actor_01\03-01-03-01-01-01-01.wav
happy,RavdessData\Actor_01\03-01-03-01-01-02-01.wav
happy,RavdessData\Actor_01\03-01-03-01-02-01-01.wav
happy,RavdessData\Actor_01\03-01-03-01-02-02-01.wav
happy,RavdessData\Actor_01\03-01-03-02-01-01-01.wav
happy,RavdessData\Actor_01\03-01-03-02-01-02-01.wav
happy,RavdessData\Actor_01\03-01-03-02-02-01-01.wav
happy,RavdessData\Actor_01\03-01-03-02-02-02-01.wav
sad,RavdessData\Actor_01\03-01-04-01-01-01-01.wav
sad,RavdessData\Actor_01\03-01-04-01-01-02-01.wav
sad,RavdessData\Actor_01\03-01-04-01-02-01-01.wav
sad,RavdessData\Actor_01\03-01-04-01-02-02-01.wav
sad,RavdessData\Actor_01\03-01-04-02-01-01-01.wav
sad,RavdessData\Actor_01\03-01-04-02-01-02-01.wav
sad,RavdessData\Actor_01\03-01-04-02-02-01-01.wav
sad,RavdessData\Actor_01\03-01-04-02-02-02-01.wav
angry,RavdessData\Actor_01\03-01-05-01-01-01-01.wav
angry,RavdessData\Actor_01\03-01-05-01-01-02-01.wav
angry,RavdessData\Actor_01\03-01-05-01-02-01-01.wav
angry,RavdessData\Actor_01\03-01-05-01-02-02-01.wav
angry,RavdessData\Actor_01\03-01-05-02-01-01-01.wav
angry,RavdessData\Actor_01\03-01-05-02-01-02-01.wav
angry,RavdessData\Actor_01\03-01-05-02-02-01-01.wav
angry,RavdessData\Actor_01\03-01-05-02-02-02-01.wav
fear,RavdessData\Actor_01\03-01-06-01-01-01-01.wav
fear,RavdessData\Actor_01\03-01-06-01-01-02-01.wav
fear,RavdessData\Actor_01\03-01-06-01-02-01-01.wav
fear,RavdessData\Actor_01\03-01-06-01-02-02-01.wav
fear,RavdessData\Actor_01\03-01-06-02-01-01-01.wav
fear,RavdessData\Actor_01\03-01-06-02-01-02-01.wav
fear,RavdessData\Actor_01\03-01-06-02-02-01-01.wav
fear,RavdessData\Actor_01\03-01-06-02-02-02-01.wav
disgust,RavdessData\Actor_01\03-01-07-01-01-01-01.wav
disgust,RavdessData\Actor_01\03-01-07-01-01-02-01.wav
disgust,RavdessData\Actor_01\03-01-07-01-02-01-01.wav
disgust,RavdessData\Actor_01\03-01-07-01-02-02-01.wav
disgust,RavdessData\Actor_01\03-01-07-02-01-01-01.wav
disgust,RavdessData\Actor_01\03-01-07-02-01-02-01.wav
disgust,RavdessData\Actor_01\03-01-07-02-02-01-01.wav
disgust,RavdessData\Actor_01\03-01-07-02-02-02-01.wav
surprise,RavdessData\Actor_01\03-01-08-01-01-01-01.wav
surprise,RavdessData\Actor_01\03-01-08-01-01-02-01.wav
surprise,RavdessData\Actor_01\03-01-08-01-02-01-01.wav
surprise,RavdessData\Actor_01\03-01-08-01-02-02-01.wav
surprise,RavdessData\Actor_01\03-01-08-02-01-01-01.wav
surprise,RavdessData\Actor_01\03-01-08-02-01-02-01.wav
surprise,RavdessData\Actor_01\03-01-08-02-02-01-01.wav
surprise,RavdessData\Actor_01\03-01-08-02-02-02-01.wav
neutral,RavdessData\Actor_02\03-01-01-01-01-01-02.wav
neutral,RavdessData\Actor_02\03-01-01-01-01-02-02.wav
neutral,RavdessData\Actor_02\03-01-01-01-02-01-02.wav
neutral,RavdessData\Actor_02\03-01-01-01-02-02-02.wav
calm,RavdessData\Actor_02\03-01-02-01-01-01-02.wav
calm,RavdessData\Actor_02\03-01-02-01-01-02-02.wav
calm,RavdessData\Actor_02\03-01-02-01-02-01-02.wav
calm,RavdessData\Actor_02\03-01-02-01-02-02-02.wav
calm,RavdessData\Actor_02\03-01-02-02-01-01-02.wav
calm,RavdessData\Actor_02\03-01-02-02-01-02-02.wav
calm,RavdessData\Actor_02\03-01-02-02-02-01-02.wav
calm,RavdessData\Actor_02\03-01-02-02-02-02-02.wav
happy,RavdessData\Actor_02\03-01-03-01-01-01-02.wav
happy,RavdessData\Actor_02\03-01-03-01-01-02-02.wav
happy,RavdessData\Actor_02\03-01-03-01-02-01-02.wav
happy,RavdessData\Actor_02\03-01-03-01-02-02-02.wav
happy,RavdessData\Actor_02\03-01-03-02-01-01-02.wav
happy,RavdessData\Actor_02\03-01-03-02-01-02-02.wav
happy,RavdessData\Actor_02\03-01-03-02-02-01-02.wav
happy,RavdessData\Actor_02\03-01-03-02-02-02-02.wav
sad,RavdessData\Actor_02\03-01-04-01-01-01-02.wav
sad,RavdessData\Actor_02\03-01-04-01-01-02-02.wav
sad,RavdessData\Actor_02\03-01-04-01-02-01-02.wav
sad,RavdessData\Actor_02\03-01-04-01-02-02-02.wav
sad,RavdessData\Actor_02\03-01-04-02-01-01-02.wav
sad,RavdessData\Actor_02\03-01-04-02-01-02-02.wav
sad,RavdessData\Actor_02\03-01-04-02-02-01-02.wav
sad,RavdessData\Actor_02\03-01-04-02-02-02-02.wav
angry,RavdessData\Actor_02\03-01-05-01-01-01-02.wav
angry,RavdessData\Actor_02\03-01-05-01-01-02-02.wav
angry,RavdessData\Actor_02\03-01-05-01-02-01-02.wav
angry,RavdessData\Actor_02\03-01-05-01-02-02-02.wav
angry,RavdessData\Actor_02\03-01-05-02-01-01-02.wav
angry,RavdessData\Actor_02\03-01-05-02-01-02-02.wav
angry,RavdessData\Actor_02\03-01-05-02-02-01-02.wav
angry,RavdessData\Actor_02\03-01-05-02-02-02-02.wav
fear,RavdessData\Actor_02\03-01-06-01-01-01-02.wav
fear,RavdessData\Actor_02\03-01-06-01-01-02-02.wav
fear,RavdessData\Actor_02\03-01-06-01-02-01-02.wav
fear,RavdessData\Actor_02\03-01-06-01-02-02-02.wav
fear,RavdessData\Actor_02\03-01-06-02-01-01-02.wav
fear,RavdessData\Actor_02\03-01-06-02-01-02-02.wav
fear,RavdessData\Actor_02\03-01-06-02-02-01-02.wav
fear,RavdessData\Actor_02\03-01-06-02-02-02-02.wav
disgust,RavdessData\Actor_02\03-01-07-01-01-01-02.wav
disgust,RavdessData\Actor_02\03-01-07-01-01-02-02.wav
disgust,RavdessData\Actor_02\03-01-07-01-02-01-02.wav
disgust,RavdessData\Actor_02\03-01-07-01-02-02-02.wav
disgust,RavdessData\Actor_02\03-01-07-02-01-01-02.wav
disgust,RavdessData\Actor_02\03-01-07-02-01-02-02.wav
disgust,RavdessData\Actor_02\03-01-07-02-02-01-02.wav
disgust,RavdessData\Actor_02\03-01-07-02-02-02-02.wav
surprise,RavdessData\Actor_02\03-01-08-01-01-01-02.wav
surprise,RavdessData\Actor_02\03-01-08-01-01-02-02.wav
surprise,RavdessData\Actor_02\03-01-08-01-02-01-02.wav
surprise,RavdessData\Actor_02\03-01-08-01-02-02-02.wav
surprise,RavdessData\Actor_02\03-01-08-02-01-01-02.wav
surprise,RavdessData\Actor_02\03-01-08-02-01-02-02.wav
surprise,RavdessData\Actor_02\03-01-08-02-02-01-02.wav
surprise,RavdessData\Actor_02\03-01-08-02-02-02-02.wav
neutral,RavdessData\Actor_03\03-01-01-01-01-01-03.wav
neutral,RavdessData\Actor_03\03-01-01-01-01-02-03.wav
neutral,RavdessData\Actor_03\03-01-01-01-02-01-03.wav
neutral,RavdessData\Actor_03\03-01-01-01-02-02-03.wav
calm,RavdessData\Actor_03\03-01-02-01-01-01-03.wav
calm,RavdessData\Actor_03\03-01-02-01-01-02-03.wav
calm,RavdessData\Actor_03\03-01-02-01-02-01-03.wav
calm,RavdessData\Actor_03\03-01-02-01-02-02-03.wav
calm,RavdessData\Actor_03\03-01-02-02-01-01-03.wav
calm,RavdessData\Actor_03\03-01-02-02-01-02-03.wav
calm,RavdessData\Actor_03\03-01-02-02-02-01-03.wav
calm,RavdessData\Actor_03\03-01-02-02-02-02-03.wav
happy,RavdessData\Actor_03\03-01-03-01-01-01-03.wav
happy,RavdessData\Actor_03\03-01-03-01-01-02-03.wav
happy,RavdessData\Actor_03\03-01-03-01-02-01-03.wav
happy,RavdessData\Actor_03\03-01-03-01-02-02-03.wav
happy,RavdessData\Actor_03\03-01-03-02-01-01-03.wav
happy,RavdessData\Actor_03\03-01-03-02-01-02-03.wav
happy,RavdessData\Actor_03\03-01-03-02-02-01-03.wav
happy,RavdessData\Actor_03\03-01-03-02-02-02-03.wav
sad,RavdessData\Actor_03\03-01-04-01-01-01-03.wav
sad,RavdessData\Actor_03\03-01-04-01-01-02-03.wav
sad,RavdessData\Actor_03\03-01-04-01-02-01-03.wav
sad,RavdessData\Actor_03\03-01-04-01-02-02-03.wav
sad,RavdessData\Actor_03\03-01-04-02-01-01-03.wav
sad,RavdessData\Actor_03\03-01-04-02-01-02-03.wav
sad,RavdessData\Actor_03\03-01-04-02-02-01-03.wav
sad,RavdessData\Actor_03\03-01-04-02-02-02-03.wav
angry,RavdessData\Actor_03\03-01-05-01-01-01-03.wav
angry,RavdessData\Actor_03\03-01-05-01-01-02-03.wav
angry,RavdessData\Actor_03\03-01-05-01-02-01-03.wav
angry,RavdessData\Actor_03\03-01-05-01-02-02-03.wav
angry,RavdessData\Actor_03\03-01-05-02-01-01-03.wav
angry,RavdessData\Actor_03\03-01-05-02-01-02-03.wav
angry,RavdessData\Actor_03\03-01-05-02-02-01-03.wav
angry,RavdessData\Actor_03\03-01-05-02-02-02-03.wav
fear,RavdessData\Actor_03\03-01-06-01-01-01-03.wav
fear,RavdessData\Actor_03\03-01-06-01-01-02-03.wav
fear,RavdessData\Actor_03\03-01-06-01-02-01-03.wav
fear,RavdessData\Actor_03\03-01-06-01-02-02-03.wav
fear,RavdessData\Actor_03\03-01-06-02-01-01-03.wav
fear,RavdessData\Actor_03\03-01-06-02-01-02-03.wav
fear,RavdessData\Actor_03\03-01-06-02-02-01-03.wav
fear,RavdessData\Actor_03\03-01-06-02-02-02-03.wav
disgust,RavdessData\Actor_03\03-01-07-01-01-01-03.wav
disgust,RavdessData\Actor_03\03-01-07-01-01-02-03.wav
disgust,RavdessData\Actor_03\03-01-07-01-02-01-03.wav
disgust,RavdessData\Actor_03\03-01-07-01-02-02-03.wav
disgust,RavdessData\Actor_03\03-01-07-02-01-01-03.wav
disgust,RavdessData\Actor_03\03-01-07-02-01-02-03.wav
disgust,RavdessData\Actor_03\03-01-07-02-02-01-03.wav
disgust,RavdessData\Actor_03\03-01-07-02-02-02-03.wav
surprise,RavdessData\Actor_03\03-01-08-01-01-01-03.wav
surprise,RavdessData\Actor_03\03-01-08-01-01-02-03.wav
surprise,RavdessData\Actor_03\03-01-08-01-02-01-03.wav
surprise,RavdessData\Actor_03\03-01-08-01-02-02-03.wav
surprise,RavdessData\Actor_03\03-01-08-02-01-01-03.wav
surprise,RavdessData\Actor_03\03-01-08-02-01-02-03.wav
surprise,RavdessData\Actor_03\03-01-08-02-02-01-03.wav
surprise,RavdessData\Actor_03\03-01-08-02-02-02-03.wav
neutral,RavdessData\Actor_04\03-01-01-01-01-01-04.wav
neutral,RavdessData\Actor_04\03-01-01-01-01-02-04.wav
neutral,RavdessData\Actor_04\03-01-01-01-02-01-04.wav
neutral,RavdessData\Actor_04\03-01-01-01-02-02-04.wav
calm,RavdessData\Actor_04\03-01-02-01-01-01-04.wav
calm,RavdessData\Actor_04\03-01-02-01-01-02-04.wav
calm,RavdessData\Actor_04\03-01-02-01-02-01-04.wav
calm,RavdessData\Actor_04\03-01-02-01-02-02-04.wav
calm,RavdessData\Actor_04\03-01-02-02-01-01-04.wav
calm,RavdessData\Actor_04\03-01-02-02-01-02-04.wav
calm,RavdessData\Actor_04\03-01-02-02-02-01-04.wav
calm,RavdessData\Actor_04\03-01-02-02-02-02-04.wav
happy,RavdessData\Actor_04\03-01-03-01-01-01-04.wav
happy,RavdessData\Actor_04\03-01-03-01-01-02-04.wav
happy,RavdessData\Actor_04\03-01-03-01-02-01-04.wav
happy,RavdessData\Actor_04\03-01-03-01-02-02-04.wav
happy,RavdessData\Actor_04\03-01-03-02-01-01-04.wav
happy,RavdessData\Actor_04\03-01-03-02-01-02-04.wav
happy,RavdessData\Actor_04\03-01-03-02-02-01-04.wav
happy,RavdessData\Actor_04\03-01-03-02-02-02-04.wav
sad,RavdessData\Actor_04\03-01-04-01-01-01-04.wav
sad,RavdessData\Actor_04\03-01-04-01-01-02-04.wav
sad,RavdessData\Actor_04\03-01-04-01-02-01-04.wav
sad,RavdessData\Actor_04\03-01-04-01-02-02-04.wav
sad,RavdessData\Actor_04\03-01-04-02-01-01-04.wav
sad,RavdessData\Actor_04\03-01-04-02-01-02-04.wav
sad,RavdessData\Actor_04\03-01-04-02-02-01-04.wav
sad,RavdessData\Actor_04\03-01-04-02-02-02-04.wav
angry,RavdessData\Actor_04\03-01-05-01-01-01-04.wav
angry,RavdessData\Actor_04\03-01-05-01-01-02-04.wav
angry,RavdessData\Actor_04\03-01-05-01-02-01-04.wav
angry,RavdessData\Actor_04\03-01-05-01-02-02-04.wav
angry,RavdessData\Actor_04\03-01-05-02-01-01-04.wav
angry,RavdessData\Actor_04\03-01-05-02-01-02-04.wav
angry,RavdessData\Actor_04\03-01-05-02-02-01-04.wav
angry,RavdessData\Actor_04\03-01-05-02-02-02-04.wav
fear,RavdessData\Actor_04\03-01-06-01-01-01-04.wav
fear,RavdessData\Actor_04\03-01-06-01-01-02-04.wav
fear,RavdessData\Actor_04\03-01-06-01-02-01-04.wav
fear,RavdessData\Actor_04\03-01-06-01-02-02-04.wav
fear,RavdessData\Actor_04\03-01-06-02-01-01-04.wav
fear,RavdessData\Actor_04\03-01-06-02-01-02-04.wav
fear,RavdessData\Actor_04\03-01-06-02-02-01-04.wav
fear,RavdessData\Actor_04\03-01-06-02-02-02-04.wav
disgust,RavdessData\Actor_04\03-01-07-01-01-01-04.wav
disgust,RavdessData\Actor_04\03-01-07-01-01-02-04.wav
disgust,RavdessData\Actor_04\03-01-07-01-02-01-04.wav
disgust,RavdessData\Actor_04\03-01-07-01-02-02-04.wav
disgust,RavdessData\Actor_04\03-01-07-02-01-01-04.wav
disgust,RavdessData\Actor_04\03-01-07-02-01-02-04.wav
disgust,RavdessData\Actor_04\03-01-07-02-02-01-04.wav
disgust,RavdessData\Actor_04\03-01-07-02-02-02-04.wav
surprise,RavdessData\Actor_04\03-01-08-01-01-01-04.wav
surprise,RavdessData\Actor_04\03-01-08-01-01-02-04.wav
surprise,RavdessData\Actor_04\03-01-08-01-02-01-04.wav
surprise,RavdessData\Actor_04\03-01-08-01-02-02-04.wav
surprise,RavdessData\Actor_04\03-01-08-02-01-01-04.wav
surprise,RavdessData\Actor_04\03-01-08-02-01-02-04.wav
surprise,RavdessData\Actor_04\03-01-08-02-02-01-04.wav
surprise,RavdessData\Actor_04\03-01-08-02-02-02-04.wav
neutral,RavdessData\Actor_05\03-01-01-01-01-01-05.wav
neutral,RavdessData\Actor_05\03-01-01-01-01-02-05.wav
neutral,RavdessData\Actor_05\03-01-01-01-02-01-05.wav
neutral,RavdessData\Actor_05\03-01-01-01-02-02-05.wav
calm,RavdessData\Actor_05\03-01-02-01-01-01-05.wav
calm,RavdessData\Actor_05\03-01-02-01-01-02-05.wav
calm,RavdessData\Actor_05\03-01-02-01-02-01-05.wav
calm,RavdessData\Actor_05\03-01-02-01-02-02-05.wav
calm,RavdessData\Actor_05\03-01-02-02-01-01-05.wav
calm,RavdessData\Actor_05\03-01-02-02-01-02-05.wav
calm,RavdessData\Actor_05\03-01-02-02-02-01-05.wav
calm,RavdessData\Actor_05\03-01-02-02-02-02-05.wav
happy,RavdessData\Actor_05\03-01-03-01-01-01-05.wav
happy,RavdessData\Actor_05\03-01-03-01-01-02-05.wav
happy,RavdessData\Actor_05\03-01-03-01-02-01-05.wav
happy,RavdessData\Actor_05\03-01-03-01-02-02-05.wav
happy,RavdessData\Actor_05\03-01-03-02-01-01-05.wav
happy,RavdessData\Actor_05\03-01-03-02-01-02-05.wav
happy,RavdessData\Actor_05\03-01-03-02-02-01-05.wav
happy,RavdessData\Actor_05\03-01-03-02-02-02-05.wav
sad,RavdessData\Actor_05\03-01-04-01-01-01-05.wav
sad,RavdessData\Actor_05\03-01-04-01-01-02-05.wav
sad,RavdessData\Actor_05\03-01-04-01-02-01-05.wav
sad,RavdessData\Actor_05\03-01-04-01-02-02-05.wav
sad,RavdessData\Actor_05\03-01-04-02-01-01-05.wav
sad,RavdessData\Actor_05\03-01-04-02-01-02-05.wav
sad,RavdessData\Actor_05\03-01-04-02-02-01-05.wav
sad,RavdessData\Actor_05\03-01-04-02-02-02-05.wav
angry,RavdessData\Actor_05\03-01-05-01-01-01-05.wav
angry,RavdessData\Actor_05\03-01-05-01-01-02-05.wav
angry,RavdessData\Actor_05\03-01-05-01-02-01-05.wav
angry,RavdessData\Actor_05\03-01-05-01-02-02-05.wav
angry,RavdessData\Actor_05\03-01-05-02-01-01-05.wav
angry,RavdessData\Actor_05\03-01-05-02-01-02-05.wav
angry,RavdessData\Actor_05\03-01-05-02-02-01-05.wav
angry,RavdessData\Actor_05\03-01-05-02-02-02-05.wav
fear,RavdessData\Actor_05\03-01-06-01-01-01-05.wav
fear,RavdessData\Actor_05\03-01-06-01-01-02-05.wav
fear,RavdessData\Actor_05\03-01-06-01-02-01-05.wav
fear,RavdessData\Actor_05\03-01-06-01-02-02-05.wav
fear,RavdessData\Actor_05\03-01-06-02-01-01-05.wav
fear,RavdessData\Actor_05\03-01-06-02-01-02-05.wav
fear,RavdessData\Actor_05\03-01-06-02-02-01-05.wav
fear,RavdessData\Actor_05\03-01-06-02-02-02-05.wav
disgust,RavdessData\Actor_05\03-01-07-01-01-01-05.wav
disgust,RavdessData\Actor_05\03-01-07-01-01-02-05.wav
disgust,RavdessData\Actor_05\03-01-07-01-02-01-05.wav
disgust,RavdessData\Actor_05\03-01-07-01-02-02-05.wav
disgust,RavdessData\Actor_05\03-01-07-02-01-01-05.wav
disgust,RavdessData\Actor_05\03-01-07-02-01-02-05.wav
disgust,RavdessData\Actor_05\03-01-07-02-02-01-05.wav
disgust,RavdessData\Actor_05\03-01-07-02-02-02-05.wav
surprise,RavdessData\Actor_05\03-01-08-01-01-01-05.wav
surprise,RavdessData\Actor_05\03-01-08-01-01-02-05.wav
surprise,RavdessData\Actor_05\03-01-08-01-02-01-05.wav
surprise,RavdessData\Actor_05\03-01-08-01-02-02-05.wav
surprise,RavdessData\Actor_05\03-01-08-02-01-01-05.wav
surprise,RavdessData\Actor_05\03-01-08-02-01-02-05.wav
surprise,RavdessData\Actor_05\03-01-08-02-02-01-05.wav
surprise,RavdessData\Actor_05\03-01-08-02-02-02-05.wav
neutral,RavdessData\Actor_06\03-01-01-01-01-01-06.wav
neutral,RavdessData\Actor_06\03-01-01-01-01-02-06.wav
neutral,RavdessData\Actor_06\03-01-01-01-02-01-06.wav
neutral,RavdessData\Actor_06\03-01-01-01-02-02-06.wav
calm,RavdessData\Actor_06\03-01-02-01-01-01-06.wav
calm,RavdessData\Actor_06\03-01-02-01-01-02-06.wav
calm,RavdessData\Actor_06\03-01-02-01-02-01-06.wav
calm,RavdessData\Actor_06\03-01-02-01-02-02-06.wav
calm,RavdessData\Actor_06\03-01-02-02-01-01-06.wav
calm,RavdessData\Actor_06\03-01-02-02-01-02-06.wav
calm,RavdessData\Actor_06\03-01-02-02-02-01-06.wav
calm,RavdessData\Actor_06\03-01-02-02-02-02-06.wav
happy,RavdessData\Actor_06\03-01-03-01-01-01-06.wav
happy,RavdessData\Actor_06\03-01-03-01-01-02-06.wav
happy,RavdessData\Actor_06\03-01-03-01-02-01-06.wav
happy,RavdessData\Actor_06\03-01-03-01-02-02-06.wav
happy,RavdessData\Actor_06\03-01-03-02-01-01-06.wav
happy,RavdessData\Actor_06\03-01-03-02-01-02-06.wav
happy,RavdessData\Actor_06\03-01-03-02-02-01-06.wav
happy,RavdessData\Actor_06\03-01-03-02-02-02-06.wav
sad,RavdessData\Actor_06\03-01-04-01-01-01-06.wav
sad,RavdessData\Actor_06\03-01-04-01-01-02-06.wav
sad,RavdessData\Actor_06\03-01-04-01-02-01-06.wav
sad,RavdessData\Actor_06\03-01-04-01-02-02-06.wav
sad,RavdessData\Actor_06\03-01-04-02-01-01-06.wav
sad,RavdessData\Actor_06\03-01-04-02-01-02-06.wav
sad,RavdessData\Actor_06\03-01-04-02-02-01-06.wav
sad,RavdessData\Actor_06\03-01-04-02-02-02-06.wav
angry,RavdessData\Actor_06\03-01-05-01-01-01-06.wav
angry,RavdessData\Actor_06\03-01-05-01-01-02-06.wav
angry,RavdessData\Actor_06\03-01-05-01-02-01-06.wav
angry,RavdessData\Actor_06\03-01-05-01-02-02-06.wav
angry,RavdessData\Actor_06\03-01-05-02-01-01-06.wav
angry,RavdessData\Actor_06\03-01-05-02-01-02-06.wav
angry,RavdessData\Actor_06\03-01-05-02-02-01-06.wav
angry,RavdessData\Actor_06\03-01-05-02-02-02-06.wav
fear,RavdessData\Actor_06\03-01-06-01-01-01-06.wav
fear,RavdessData\Actor_06\03-01-06-01-01-02-06.wav
fear,RavdessData\Actor_06\03-01-06-01-02-01-06.wav
fear,RavdessData\Actor_06\03-01-06-01-02-02-06.wav
fear,RavdessData\Actor_06\03-01-06-02-01-01-06.wav
fear,RavdessData\Actor_06\03-01-06-02-01-02-06.wav
fear,RavdessData\Actor_06\03-01-06-02-02-01-06.wav
fear,RavdessData\Actor_06\03-01-06-02-02-02-06.wav
disgust,RavdessData\Actor_06\03-01-07-01-01-01-06.wav
disgust,RavdessData\Actor_06\03-01-07-01-01-02-06.wav
disgust,RavdessData\Actor_06\03-01-07-01-02-01-06.wav
disgust,RavdessData\Actor_06\03-01-07-01-02-02-06.wav
disgust,RavdessData\Actor_06\03-01-07-02-01-01-06.wav
disgust,RavdessData\Actor_06\03-01-07-02-01-02-06.wav
disgust,RavdessData\Actor_06\03-01-07-02-02-01-06.wav
disgust,RavdessData\Actor_06\03-01-07-02-02-02-06.wav
surprise,RavdessData\Actor_06\03-01-08-01-01-01-06.wav
surprise,RavdessData\Actor_06\03-01-08-01-01-02-06.wav
surprise,RavdessData\Actor_06\03-01-08-01-02-01-06.wav
surprise,RavdessData\Actor_06\03-01-08-01-02-02-06.wav
surprise,RavdessData\Actor_06\03-01-08-02-01-01-06.wav
surprise,RavdessData\Actor_06\03-01-08-02-01-02-06.wav
surprise,RavdessData\Actor_06\03-01-08-02-02-01-06.wav
surprise,RavdessData\Actor_06\03-01-08-02-02-02-06.wav
neutral,RavdessData\Actor_07\03-01-01-01-01-01-07.wav
neutral,RavdessData\Actor_07\03-01-01-01-01-02-07.wav
neutral,RavdessData\Actor_07\03-01-01-01-02-01-07.wav
neutral,RavdessData\Actor_07\03-01-01-01-02-02-07.wav
calm,RavdessData\Actor_07\03-01-02-01-01-01-07.wav
calm,RavdessData\Actor_07\03-01-02-01-01-02-07.wav
calm,RavdessData\Actor_07\03-01-02-01-02-01-07.wav
calm,RavdessData\Actor_07\03-01-02-01-02-02-07.wav
calm,RavdessData\Actor_07\03-01-02-02-01-01-07.wav
calm,RavdessData\Actor_07\03-01-02-02-01-02-07.wav
calm,RavdessData\Actor_07\03-01-02-02-02-01-07.wav
calm,RavdessData\Actor_07\03-01-02-02-02-02-07.wav
happy,RavdessData\Actor_07\03-01-03-01-01-01-07.wav
happy,RavdessData\Actor_07\03-01-03-01-01-02-07.wav
happy,RavdessData\Actor_07\03-01-03-01-02-01-07.wav
happy,RavdessData\Actor_07\03-01-03-01-02-02-07.wav
happy,RavdessData\Actor_07\03-01-03-02-01-01-07.wav
happy,RavdessData\Actor_07\03-01-03-02-01-02-07.wav
happy,RavdessData\Actor_07\03-01-03-02-02-01-07.wav
happy,RavdessData\Actor_07\03-01-03-02-02-02-07.wav
sad,RavdessData\Actor_07\03-01-04-01-01-01-07.wav
sad,RavdessData\Actor_07\03-01-04-01-01-02-07.wav
sad,RavdessData\Actor_07\03-01-04-01-02-01-07.wav
sad,RavdessData\Actor_07\03-01-04-01-02-02-07.wav
sad,RavdessData\Actor_07\03-01-04-02-01-01-07.wav
sad,RavdessData\Actor_07\03-01-04-02-01-02-07.wav
sad,RavdessData\Actor_07\03-01-04-02-02-01-07.wav
sad,RavdessData\Actor_07\03-01-04-02-02-02-07.wav
angry,RavdessData\Actor_07\03-01-05-01-01-01-07.wav
angry,RavdessData\Actor_07\03-01-05-01-01-02-07.wav
angry,RavdessData\Actor_07\03-01-05-01-02-01-07.wav
angry,RavdessData\Actor_07\03-01-05-01-02-02-07.wav
angry,RavdessData\Actor_07\03-01-05-02-01-01-07.wav
angry,RavdessData\Actor_07\03-01-05-02-01-02-07.wav
angry,RavdessData\Actor_07\03-01-05-02-02-01-07.wav
angry,RavdessData\Actor_07\03-01-05-02-02-02-07.wav
fear,RavdessData\Actor_07\03-01-06-01-01-01-07.wav
fear,RavdessData\Actor_07\03-01-06-01-01-02-07.wav
fear,RavdessData\Actor_07\03-01-06-01-02-01-07.wav
fear,RavdessData\Actor_07\03-01-06-01-02-02-07.wav
fear,RavdessData\Actor_07\03-01-06-02-01-01-07.wav
fear,RavdessData\Actor_07\03-01-06-02-01-02-07.wav
fear,RavdessData\Actor_07\03-01-06-02-02-01-07.wav
fear,RavdessData\Actor_07\03-01-06-02-02-02-07.wav
disgust,RavdessData\Actor_07\03-01-07-01-01-01-07.wav
disgust,RavdessData\Actor_07\03-01-07-01-01-02-07.wav
disgust,RavdessData\Actor_07\03-01-07-01-02-01-07.wav
disgust,RavdessData\Actor_07\03-01-07-01-02-02-07.wav
disgust,RavdessData\Actor_07\03-01-07-02-01-01-07.wav
disgust,RavdessData\Actor_07\03-01-07-02-01-02-07.wav
disgust,RavdessData\Actor_07\03-01-07-02-02-01-07.wav
disgust,RavdessData\Actor_07\03-01-07-02-02-02-07.wav
surprise,RavdessData\Actor_07\03-01-08-01-01-01-07.wav
surprise,RavdessData\Actor_07\03-01-08-01-01-02-07.wav
surprise,RavdessData\Actor_07\03-01-08-01-02-01-07.wav
surprise,RavdessData\Actor_07\03-01-08-01-02-02-07.wav
surprise,RavdessData\Actor_07\03-01-08-02-01-01-07.wav
surprise,RavdessData\Actor_07\03-01-08-02-01-02-07.wav
surprise,RavdessData\Actor_07\03-01-08-02-02-01-07.wav
surprise,RavdessData\Actor_07\03-01-08-02-02-02-07.wav
neutral,RavdessData\Actor_08\03-01-01-01-01-01-08.wav
neutral,RavdessData\Actor_08\03-01-01-01-01-02-08.wav
neutral,RavdessData\Actor_08\03-01-01-01-02-01-08.wav
neutral,RavdessData\Actor_08\03-01-01-01-02-02-08.wav
calm,RavdessData\Actor_08\03-01-02-01-01-01-08.wav
calm,RavdessData\Actor_08\03-01-02-01-01-02-08.wav
calm,RavdessData\Actor_08\03-01-02-01-02-01-08.wav
calm,RavdessData\Actor_08\03-01-02-01-02-02-08.wav
calm,RavdessData\Actor_08\03-01-02-02-01-01-08.wav
calm,RavdessData\Actor_08\03-01-02-02-01-02-08.wav
calm,RavdessData\Actor_08\03-01-02-02-02-01-08.wav
calm,RavdessData\Actor_08\03-01-02-02-02-02-08.wav
happy,RavdessData\Actor_08\03-01-03-01-01-01-08.wav
happy,RavdessData\Actor_08\03-01-03-01-01-02-08.wav
happy,RavdessData\Actor_08\03-01-03-01-02-01-08.wav
happy,RavdessData\Actor_08\03-01-03-01-02-02-08.wav
happy,RavdessData\Actor_08\03-01-03-02-01-01-08.wav
happy,RavdessData\Actor_08\03-01-03-02-01-02-08.wav
happy,RavdessData\Actor_08\03-01-03-02-02-01-08.wav
happy,RavdessData\Actor_08\03-01-03-02-02-02-08.wav
sad,RavdessData\Actor_08\03-01-04-01-01-01-08.wav
sad,RavdessData\Actor_08\03-01-04-01-01-02-08.wav
sad,RavdessData\Actor_08\03-01-04-01-02-01-08.wav
sad,RavdessData\Actor_08\03-01-04-01-02-02-08.wav
sad,RavdessData\Actor_08\03-01-04-02-01-01-08.wav
sad,RavdessData\Actor_08\03-01-04-02-01-02-08.wav
sad,RavdessData\Actor_08\03-01-04-02-02-01-08.wav
sad,RavdessData\Actor_08\03-01-04-02-02-02-08.wav
angry,RavdessData\Actor_08\03-01-05-01-01-01-08.wav
angry,RavdessData\Actor_08\03-01-05-01-01-02-08.wav
angry,RavdessData\Actor_08\03-01-05-01-02-01-08.wav
angry,RavdessData\Actor_08\03-01-05-01-02-02-08.wav
angry,RavdessData\Actor_08\03-01-05-02-01-01-08.wav
angry,RavdessData\Actor_08\03-01-05-02-01-02-08.wav
angry,RavdessData\Actor_08\03-01-05-02-02-01-08.wav
angry,RavdessData\Actor_08\03-01-05-02-02-02-08.wav
fear,RavdessData\Actor_08\03-01-06-01-01-01-08.wav
fear,RavdessData\Actor_08\03-01-06-01-01-02-08.wav
fear,RavdessData\Actor_08\03-01-06-01-02-01-08.wav
fear,RavdessData\Actor_08\03-01-06-01-02-02-08.wav
fear,RavdessData\Actor_08\03-01-06-02-01-01-08.wav
fear,RavdessData\Actor_08\03-01-06-02-01-02-08.wav
fear,RavdessData\Actor_08\03-01-06-02-02-01-08.wav
fear,RavdessData\Actor_08\03-01-06-02-02-02-08.wav
disgust,RavdessData\Actor_08\03-01-07-01-01-01-08.wav
disgust,RavdessData\Actor_08\03-01-07-01-01-02-08.wav
disgust,RavdessData\Actor_08\03-01-07-01-02-01-08.wav
disgust,RavdessData\Actor_08\03-01-07-01-02-02-08.wav
disgust,RavdessData\Actor_08\03-01-07-02-01-01-08.wav
disgust,RavdessData\Actor_08\03-01-07-02-01-02-08.wav
disgust,RavdessData\Actor_08\03-01-07-02-02-01-08.wav
disgust,RavdessData\Actor_08\03-01-07-02-02-02-08.wav
surprise,RavdessData\Actor_08\03-01-08-01-01-01-08.wav
surprise,RavdessData\Actor_08\03-01-08-01-01-02-08.wav
surprise,RavdessData\Actor_08\03-01-08-01-02-01-08.wav
surprise,RavdessData\Actor_08\03-01-08-01-02-02-08.wav
surprise,RavdessData\Actor_08\03-01-08-02-01-01-08.wav
surprise,RavdessData\Actor_08\03-01-08-02-01-02-08.wav
surprise,RavdessData\Actor_08\03-01-08-02-02-01-08.wav
surprise,RavdessData\Actor_08\03-01-08-02-02-02-08.wav
neutral,RavdessData\Actor_09\03-01-01-01-01-01-09.wav
neutral,RavdessData\Actor_09\03-01-01-01-01-02-09.wav
neutral,RavdessData\Actor_09\03-01-01-01-02-01-09.wav
neutral,RavdessData\Actor_09\03-01-01-01-02-02-09.wav
calm,RavdessData\Actor_09\03-01-02-01-01-01-09.wav
calm,RavdessData\Actor_09\03-01-02-01-01-02-09.wav
calm,RavdessData\Actor_09\03-01-02-01-02-01-09.wav
calm,RavdessData\Actor_09\03-01-02-01-02-02-09.wav
calm,RavdessData\Actor_09\03-01-02-02-01-01-09.wav
calm,RavdessData\Actor_09\03-01-02-02-01-02-09.wav
calm,RavdessData\Actor_09\03-01-02-02-02-01-09.wav
calm,RavdessData\Actor_09\03-01-02-02-02-02-09.wav
happy,RavdessData\Actor_09\03-01-03-01-01-01-09.wav
happy,RavdessData\Actor_09\03-01-03-01-01-02-09.wav
happy,RavdessData\Actor_09\03-01-03-01-02-01-09.wav
happy,RavdessData\Actor_09\03-01-03-01-02-02-09.wav
happy,RavdessData\Actor_09\03-01-03-02-01-01-09.wav
happy,RavdessData\Actor_09\03-01-03-02-01-02-09.wav
happy,RavdessData\Actor_09\03-01-03-02-02-01-09.wav
happy,RavdessData\Actor_09\03-01-03-02-02-02-09.wav
sad,RavdessData\Actor_09\03-01-04-01-01-01-09.wav
sad,RavdessData\Actor_09\03-01-04-01-01-02-09.wav
sad,RavdessData\Actor_09\03-01-04-01-02-01-09.wav
sad,RavdessData\Actor_09\03-01-04-01-02-02-09.wav
sad,RavdessData\Actor_09\03-01-04-02-01-01-09.wav
sad,RavdessData\Actor_09\03-01-04-02-01-02-09.wav
sad,RavdessData\Actor_09\03-01-04-02-02-01-09.wav
sad,RavdessData\Actor_09\03-01-04-02-02-02-09.wav
angry,RavdessData\Actor_09\03-01-05-01-01-01-09.wav
angry,RavdessData\Actor_09\03-01-05-01-01-02-09.wav
angry,RavdessData\Actor_09\03-01-05-01-02-01-09.wav
angry,RavdessData\Actor_09\03-01-05-01-02-02-09.wav
angry,RavdessData\Actor_09\03-01-05-02-01-01-09.wav
angry,RavdessData\Actor_09\03-01-05-02-01-02-09.wav
angry,RavdessData\Actor_09\03-01-05-02-02-01-09.wav
angry,RavdessData\Actor_09\03-01-05-02-02-02-09.wav
fear,RavdessData\Actor_09\03-01-06-01-01-01-09.wav
fear,RavdessData\Actor_09\03-01-06-01-01-02-09.wav
fear,RavdessData\Actor_09\03-01-06-01-02-01-09.wav
fear,RavdessData\Actor_09\03-01-06-01-02-02-09.wav
fear,RavdessData\Actor_09\03-01-06-02-01-01-09.wav
fear,RavdessData\Actor_09\03-01-06-02-01-02-09.wav
fear,RavdessData\Actor_09\03-01-06-02-02-01-09.wav
fear,RavdessData\Actor_09\03-01-06-02-02-02-09.wav
disgust,RavdessData\Actor_09\03-01-07-01-01-01-09.wav
disgust,RavdessData\Actor_09\03-01-07-01-01-02-09.wav
disgust,RavdessData\Actor_09\03-01-07-01-02-01-09.wav
disgust,RavdessData\Actor_09\03-01-07-01-02-02-09.wav
disgust,RavdessData\Actor_09\03-01-07-02-01-01-09.wav
disgust,RavdessData\Actor_09\03-01-07-02-01-02-09.wav
disgust,RavdessData\Actor_09\03-01-07-02-02-01-09.wav
disgust,RavdessData\Actor_09\03-01-07-02-02-02-09.wav
surprise,RavdessData\Actor_09\03-01-08-01-01-01-09.wav
surprise,RavdessData\Actor_09\03-01-08-01-01-02-09.wav
surprise,RavdessData\Actor_09\03-01-08-01-02-01-09.wav
surprise,RavdessData\Actor_09\03-01-08-01-02-02-09.wav
surprise,RavdessData\Actor_09\03-01-08-02-01-01-09.wav
surprise,RavdessData\Actor_09\03-01-08-02-01-02-09.wav
surprise,RavdessData\Actor_09\03-01-08-02-02-01-09.wav
surprise,RavdessData\Actor_09\03-01-08-02-02-02-09.wav
neutral,RavdessData\Actor_10\03-01-01-01-01-01-10.wav
neutral,RavdessData\Actor_10\03-01-01-01-01-02-10.wav
neutral,RavdessData\Actor_10\03-01-01-01-02-01-10.wav
neutral,RavdessData\Actor_10\03-01-01-01-02-02-10.wav
calm,RavdessData\Actor_10\03-01-02-01-01-01-10.wav
calm,RavdessData\Actor_10\03-01-02-01-01-02-10.wav
calm,RavdessData\Actor_10\03-01-02-01-02-01-10.wav
calm,RavdessData\Actor_10\03-01-02-01-02-02-10.wav
calm,RavdessData\Actor_10\03-01-02-02-01-01-10.wav
calm,RavdessData\Actor_10\03-01-02-02-01-02-10.wav
calm,RavdessData\Actor_10\03-01-02-02-02-01-10.wav
calm,RavdessData\Actor_10\03-01-02-02-02-02-10.wav
happy,RavdessData\Actor_10\03-01-03-01-01-01-10.wav
happy,RavdessData\Actor_10\03-01-03-01-01-02-10.wav
happy,RavdessData\Actor_10\03-01-03-01-02-01-10.wav
happy,RavdessData\Actor_10\03-01-03-01-02-02-10.wav
happy,RavdessData\Actor_10\03-01-03-02-01-01-10.wav
happy,RavdessData\Actor_10\03-01-03-02-01-02-10.wav
happy,RavdessData\Actor_10\03-01-03-02-02-01-10.wav
happy,RavdessData\Actor_10\03-01-03-02-02-02-10.wav
sad,RavdessData\Actor_10\03-01-04-01-01-01-10.wav
sad,RavdessData\Actor_10\03-01-04-01-01-02-10.wav
sad,RavdessData\Actor_10\03-01-04-01-02-01-10.wav
sad,RavdessData\Actor_10\03-01-04-01-02-02-10.wav
sad,RavdessData\Actor_10\03-01-04-02-01-01-10.wav
sad,RavdessData\Actor_10\03-01-04-02-01-02-10.wav
sad,RavdessData\Actor_10\03-01-04-02-02-01-10.wav
sad,RavdessData\Actor_10\03-01-04-02-02-02-10.wav
angry,RavdessData\Actor_10\03-01-05-01-01-01-10.wav
angry,RavdessData\Actor_10\03-01-05-01-01-02-10.wav
angry,RavdessData\Actor_10\03-01-05-01-02-01-10.wav
angry,RavdessData\Actor_10\03-01-05-01-02-02-10.wav
angry,RavdessData\Actor_10\03-01-05-02-01-01-10.wav
angry,RavdessData\Actor_10\03-01-05-02-01-02-10.wav
angry,RavdessData\Actor_10\03-01-05-02-02-01-10.wav
angry,RavdessData\Actor_10\03-01-05-02-02-02-10.wav
fear,RavdessData\Actor_10\03-01-06-01-01-01-10.wav
fear,RavdessData\Actor_10\03-01-06-01-01-02-10.wav
fear,RavdessData\Actor_10\03-01-06-01-02-01-10.wav
fear,RavdessData\Actor_10\03-01-06-01-02-02-10.wav
fear,RavdessData\Actor_10\03-01-06-02-01-01-10.wav
fear,RavdessData\Actor_10\03-01-06-02-01-02-10.wav
fear,RavdessData\Actor_10\03-01-06-02-02-01-10.wav
fear,RavdessData\Actor_10\03-01-06-02-02-02-10.wav
disgust,RavdessData\Actor_10\03-01-07-01-01-01-10.wav
disgust,RavdessData\Actor_10\03-01-07-01-01-02-10.wav
disgust,RavdessData\Actor_10\03-01-07-01-02-01-10.wav
disgust,RavdessData\Actor_10\03-01-07-01-02-02-10.wav
disgust,RavdessData\Actor_10\03-01-07-02-01-01-10.wav
disgust,RavdessData\Actor_10\03-01-07-02-01-02-10.wav
disgust,RavdessData\Actor_10\03-01-07-02-02-01-10.wav
disgust,RavdessData\Actor_10\03-01-07-02-02-02-10.wav
surprise,RavdessData\Actor_10\03-01-08-01-01-01-10.wav
surprise,RavdessData\Actor_10\03-01-08-01-01-02-10.wav
surprise,RavdessData\Actor_10\03-01-08-01-02-01-10.wav
surprise,RavdessData\Actor_10\03-01-08-01-02-02-10.wav
surprise,RavdessData\Actor_10\03-01-08-02-01-01-10.wav
surprise,RavdessData\Actor_10\03-01-08-02-01-02-10.wav
surprise,RavdessData\Actor_10\03-01-08-02-02-01-10.wav
surprise,RavdessData\Actor_10\03-01-08-02-02-02-10.wav
neutral,RavdessData\Actor_11\03-01-01-01-01-01-11.wav
neutral,RavdessData\Actor_11\03-01-01-01-01-02-11.wav
neutral,RavdessData\Actor_11\03-01-01-01-02-01-11.wav
neutral,RavdessData\Actor_11\03-01-01-01-02-02-11.wav
calm,RavdessData\Actor_11\03-01-02-01-01-01-11.wav
calm,RavdessData\Actor_11\03-01-02-01-01-02-11.wav
calm,RavdessData\Actor_11\03-01-02-01-02-01-11.wav
calm,RavdessData\Actor_11\03-01-02-01-02-02-11.wav
calm,RavdessData\Actor_11\03-01-02-02-01-01-11.wav
calm,RavdessData\Actor_11\03-01-02-02-01-02-11.wav
calm,RavdessData\Actor_11\03-01-02-02-02-01-11.wav
calm,RavdessData\Actor_11\03-01-02-02-02-02-11.wav
happy,RavdessData\Actor_11\03-01-03-01-01-01-11.wav
happy,RavdessData\Actor_11\03-01-03-01-01-02-11.wav
happy,RavdessData\Actor_11\03-01-03-01-02-01-11.wav
happy,RavdessData\Actor_11\03-01-03-01-02-02-11.wav
happy,RavdessData\Actor_11\03-01-03-02-01-01-11.wav
happy,RavdessData\Actor_11\03-01-03-02-01-02-11.wav
happy,RavdessData\Actor_11\03-01-03-02-02-01-11.wav
happy,RavdessData\Actor_11\03-01-03-02-02-02-11.wav
sad,RavdessData\Actor_11\03-01-04-01-01-01-11.wav
sad,RavdessData\Actor_11\03-01-04-01-01-02-11.wav
sad,RavdessData\Actor_11\03-01-04-01-02-01-11.wav
sad,RavdessData\Actor_11\03-01-04-01-02-02-11.wav
sad,RavdessData\Actor_11\03-01-04-02-01-01-11.wav
sad,RavdessData\Actor_11\03-01-04-02-01-02-11.wav
sad,RavdessData\Actor_11\03-01-04-02-02-01-11.wav
sad,RavdessData\Actor_11\03-01-04-02-02-02-11.wav
angry,RavdessData\Actor_11\03-01-05-01-01-01-11.wav
angry,RavdessData\Actor_11\03-01-05-01-01-02-11.wav
angry,RavdessData\Actor_11\03-01-05-01-02-01-11.wav
angry,RavdessData\Actor_11\03-01-05-01-02-02-11.wav
angry,RavdessData\Actor_11\03-01-05-02-01-01-11.wav
angry,RavdessData\Actor_11\03-01-05-02-01-02-11.wav
angry,RavdessData\Actor_11\03-01-05-02-02-01-11.wav
angry,RavdessData\Actor_11\03-01-05-02-02-02-11.wav
fear,RavdessData\Actor_11\03-01-06-01-01-01-11.wav
fear,RavdessData\Actor_11\03-01-06-01-01-02-11.wav
fear,RavdessData\Actor_11\03-01-06-01-02-01-11.wav
fear,RavdessData\Actor_11\03-01-06-01-02-02-11.wav
fear,RavdessData\Actor_11\03-01-06-02-01-01-11.wav
fear,RavdessData\Actor_11\03-01-06-02-01-02-11.wav
fear,RavdessData\Actor_11\03-01-06-02-02-01-11.wav
fear,RavdessData\Actor_11\03-01-06-02-02-02-11.wav
disgust,RavdessData\Actor_11\03-01-07-01-01-01-11.wav
disgust,RavdessData\Actor_11\03-01-07-01-01-02-11.wav
disgust,RavdessData\Actor_11\03-01-07-01-02-01-11.wav
disgust,RavdessData\Actor_11\03-01-07-01-02-02-11.wav
disgust,RavdessData\Actor_11\03-01-07-02-01-01-11.wav
disgust,RavdessData\Actor_11\03-01-07-02-01-02-11.wav
disgust,RavdessData\Actor_11\03-01-07-02-02-01-11.wav
disgust,RavdessData\Actor_11\03-01-07-02-02-02-11.wav
surprise,RavdessData\Actor_11\03-01-08-01-01-01-11.wav
surprise,RavdessData\Actor_11\03-01-08-01-01-02-11.wav
surprise,RavdessData\Actor_11\03-01-08-01-02-01-11.wav
surprise,RavdessData\Actor_11\03-01-08-01-02-02-11.wav
surprise,RavdessData\Actor_11\03-01-08-02-01-01-11.wav
surprise,RavdessData\Actor_11\03-01-08-02-01-02-11.wav
surprise,RavdessData\Actor_11\03-01-08-02-02-01-11.wav
surprise,RavdessData\Actor_11\03-01-08-02-02-02-11.wav
neutral,RavdessData\Actor_12\03-01-01-01-01-01-12.wav
neutral,RavdessData\Actor_12\03-01-01-01-01-02-12.wav
neutral,RavdessData\Actor_12\03-01-01-01-02-01-12.wav
neutral,RavdessData\Actor_12\03-01-01-01-02-02-12.wav
calm,RavdessData\Actor_12\03-01-02-01-01-01-12.wav
calm,RavdessData\Actor_12\03-01-02-01-01-02-12.wav
calm,RavdessData\Actor_12\03-01-02-01-02-01-12.wav
calm,RavdessData\Actor_12\03-01-02-01-02-02-12.wav
calm,RavdessData\Actor_12\03-01-02-02-01-01-12.wav
calm,RavdessData\Actor_12\03-01-02-02-01-02-12.wav
calm,RavdessData\Actor_12\03-01-02-02-02-01-12.wav
calm,RavdessData\Actor_12\03-01-02-02-02-02-12.wav
happy,RavdessData\Actor_12\03-01-03-01-01-01-12.wav
happy,RavdessData\Actor_12\03-01-03-01-01-02-12.wav
happy,RavdessData\Actor_12\03-01-03-01-02-01-12.wav
happy,RavdessData\Actor_12\03-01-03-01-02-02-12.wav
happy,RavdessData\Actor_12\03-01-03-02-01-01-12.wav
happy,RavdessData\Actor_12\03-01-03-02-01-02-12.wav
happy,RavdessData\Actor_12\03-01-03-02-02-01-12.wav
happy,RavdessData\Actor_12\03-01-03-02-02-02-12.wav
sad,RavdessData\Actor_12\03-01-04-01-01-01-12.wav
sad,RavdessData\Actor_12\03-01-04-01-01-02-12.wav
sad,RavdessData\Actor_12\03-01-04-01-02-01-12.wav
sad,RavdessData\Actor_12\03-01-04-01-02-02-12.wav
sad,RavdessData\Actor_12\03-01-04-02-01-01-12.wav
sad,RavdessData\Actor_12\03-01-04-02-01-02-12.wav
sad,RavdessData\Actor_12\03-01-04-02-02-01-12.wav
sad,RavdessData\Actor_12\03-01-04-02-02-02-12.wav
angry,RavdessData\Actor_12\03-01-05-01-01-01-12.wav
angry,RavdessData\Actor_12\03-01-05-01-01-02-12.wav
angry,RavdessData\Actor_12\03-01-05-01-02-01-12.wav
angry,RavdessData\Actor_12\03-01-05-01-02-02-12.wav
angry,RavdessData\Actor_12\03-01-05-02-01-01-12.wav
angry,RavdessData\Actor_12\03-01-05-02-01-02-12.wav
angry,RavdessData\Actor_12\03-01-05-02-02-01-12.wav
angry,RavdessData\Actor_12\03-01-05-02-02-02-12.wav
fear,RavdessData\Actor_12\03-01-06-01-01-01-12.wav
fear,RavdessData\Actor_12\03-01-06-01-01-02-12.wav
fear,RavdessData\Actor_12\03-01-06-01-02-01-12.wav
fear,RavdessData\Actor_12\03-01-06-01-02-02-12.wav
fear,RavdessData\Actor_12\03-01-06-02-01-01-12.wav
fear,RavdessData\Actor_12\03-01-06-02-01-02-12.wav
fear,RavdessData\Actor_12\03-01-06-02-02-01-12.wav
fear,RavdessData\Actor_12\03-01-06-02-02-02-12.wav
disgust,RavdessData\Actor_12\03-01-07-01-01-01-12.wav
disgust,RavdessData\Actor_12\03-01-07-01-01-02-12.wav
disgust,RavdessData\Actor_12\03-01-07-01-02-01-12.wav
disgust,RavdessData\Actor_12\03-01-07-01-02-02-12.wav
disgust,RavdessData\Actor_12\03-01-07-02-01-01-12.wav
disgust,RavdessData\Actor_12\03-01-07-02-01-02-12.wav
disgust,RavdessData\Actor_12\03-01-07-02-02-01-12.wav
disgust,RavdessData\Actor_12\03-01-07-02-02-02-12.wav
surprise,RavdessData\Actor_12\03-01-08-01-01-01-12.wav
surprise,RavdessData\Actor_12\03-01-08-01-01-02-12.wav
surprise,RavdessData\Actor_12\03-01-08-01-02-01-12.wav
surprise,RavdessData\Actor_12\03-01-08-01-02-02-12.wav
surprise,RavdessData\Actor_12\03-01-08-02-01-01-12.wav
surprise,RavdessData\Actor_12\03-01-08-02-01-02-12.wav
surprise,RavdessData\Actor_12\03-01-08-02-02-01-12.wav
surprise,RavdessData\Actor_12\03-01-08-02-02-02-12.wav
neutral,RavdessData\Actor_13\03-01-01-01-01-01-13.wav
neutral,RavdessData\Actor_13\03-01-01-01-01-02-13.wav
neutral,RavdessData\Actor_13\03-01-01-01-02-01-13.wav
neutral,RavdessData\Actor_13\03-01-01-01-02-02-13.wav
calm,RavdessData\Actor_13\03-01-02-01-01-01-13.wav
calm,RavdessData\Actor_13\03-01-02-01-01-02-13.wav
calm,RavdessData\Actor_13\03-01-02-01-02-01-13.wav
calm,RavdessData\Actor_13\03-01-02-01-02-02-13.wav
calm,RavdessData\Actor_13\03-01-02-02-01-01-13.wav
calm,RavdessData\Actor_13\03-01-02-02-01-02-13.wav
calm,RavdessData\Actor_13\03-01-02-02-02-01-13.wav
calm,RavdessData\Actor_13\03-01-02-02-02-02-13.wav
happy,RavdessData\Actor_13\03-01-03-01-01-01-13.wav
happy,RavdessData\Actor_13\03-01-03-01-01-02-13.wav
happy,RavdessData\Actor_13\03-01-03-01-02-01-13.wav
happy,RavdessData\Actor_13\03-01-03-01-02-02-13.wav
happy,RavdessData\Actor_13\03-01-03-02-01-01-13.wav
happy,RavdessData\Actor_13\03-01-03-02-01-02-13.wav
happy,RavdessData\Actor_13\03-01-03-02-02-01-13.wav
happy,RavdessData\Actor_13\03-01-03-02-02-02-13.wav
sad,RavdessData\Actor_13\03-01-04-01-01-01-13.wav
sad,RavdessData\Actor_13\03-01-04-01-01-02-13.wav
sad,RavdessData\Actor_13\03-01-04-01-02-01-13.wav
sad,RavdessData\Actor_13\03-01-04-01-02-02-13.wav
sad,RavdessData\Actor_13\03-01-04-02-01-01-13.wav
sad,RavdessData\Actor_13\03-01-04-02-01-02-13.wav
sad,RavdessData\Actor_13\03-01-04-02-02-01-13.wav
sad,RavdessData\Actor_13\03-01-04-02-02-02-13.wav
angry,RavdessData\Actor_13\03-01-05-01-01-01-13.wav
angry,RavdessData\Actor_13\03-01-05-01-01-02-13.wav
angry,RavdessData\Actor_13\03-01-05-01-02-01-13.wav
angry,RavdessData\Actor_13\03-01-05-01-02-02-13.wav
angry,RavdessData\Actor_13\03-01-05-02-01-01-13.wav
angry,RavdessData\Actor_13\03-01-05-02-01-02-13.wav
angry,RavdessData\Actor_13\03-01-05-02-02-01-13.wav
angry,RavdessData\Actor_13\03-01-05-02-02-02-13.wav
fear,RavdessData\Actor_13\03-01-06-01-01-01-13.wav
fear,RavdessData\Actor_13\03-01-06-01-01-02-13.wav
fear,RavdessData\Actor_13\03-01-06-01-02-01-13.wav
fear,RavdessData\Actor_13\03-01-06-01-02-02-13.wav
fear,RavdessData\Actor_13\03-01-06-02-01-01-13.wav
fear,RavdessData\Actor_13\03-01-06-02-01-02-13.wav
fear,RavdessData\Actor_13\03-01-06-02-02-01-13.wav
fear,RavdessData\Actor_13\03-01-06-02-02-02-13.wav
disgust,RavdessData\Actor_13\03-01-07-01-01-01-13.wav
disgust,RavdessData\Actor_13\03-01-07-01-01-02-13.wav
disgust,RavdessData\Actor_13\03-01-07-01-02-01-13.wav
disgust,RavdessData\Actor_13\03-01-07-01-02-02-13.wav
disgust,RavdessData\Actor_13\03-01-07-02-01-01-13.wav
disgust,RavdessData\Actor_13\03-01-07-02-01-02-13.wav
disgust,RavdessData\Actor_13\03-01-07-02-02-01-13.wav
disgust,RavdessData\Actor_13\03-01-07-02-02-02-13.wav
surprise,RavdessData\Actor_13\03-01-08-01-01-01-13.wav
surprise,RavdessData\Actor_13\03-01-08-01-01-02-13.wav
surprise,RavdessData\Actor_13\03-01-08-01-02-01-13.wav
surprise,RavdessData\Actor_13\03-01-08-01-02-02-13.wav
surprise,RavdessData\Actor_13\03-01-08-02-01-01-13.wav
surprise,RavdessData\Actor_13\03-01-08-02-01-02-13.wav
surprise,RavdessData\Actor_13\03-01-08-02-02-01-13.wav
surprise,RavdessData\Actor_13\03-01-08-02-02-02-13.wav
neutral,RavdessData\Actor_14\03-01-01-01-01-01-14.wav
neutral,RavdessData\Actor_14\03-01-01-01-01-02-14.wav
neutral,RavdessData\Actor_14\03-01-01-01-02-01-14.wav
neutral,RavdessData\Actor_14\03-01-01-01-02-02-14.wav
calm,RavdessData\Actor_14\03-01-02-01-01-01-14.wav
calm,RavdessData\Actor_14\03-01-02-01-01-02-14.wav
calm,RavdessData\Actor_14\03-01-02-01-02-01-14.wav
calm,RavdessData\Actor_14\03-01-02-01-02-02-14.wav
calm,RavdessData\Actor_14\03-01-02-02-01-01-14.wav
calm,RavdessData\Actor_14\03-01-02-02-01-02-14.wav
calm,RavdessData\Actor_14\03-01-02-02-02-01-14.wav
calm,RavdessData\Actor_14\03-01-02-02-02-02-14.wav
happy,RavdessData\Actor_14\03-01-03-01-01-01-14.wav
happy,RavdessData\Actor_14\03-01-03-01-01-02-14.wav
happy,RavdessData\Actor_14\03-01-03-01-02-01-14.wav
happy,RavdessData\Actor_14\03-01-03-01-02-02-14.wav
happy,RavdessData\Actor_14\03-01-03-02-01-01-14.wav
happy,RavdessData\Actor_14\03-01-03-02-01-02-14.wav
happy,RavdessData\Actor_14\03-01-03-02-02-01-14.wav
happy,RavdessData\Actor_14\03-01-03-02-02-02-14.wav
sad,RavdessData\Actor_14\03-01-04-01-01-01-14.wav
sad,RavdessData\Actor_14\03-01-04-01-01-02-14.wav
sad,RavdessData\Actor_14\03-01-04-01-02-01-14.wav
sad,RavdessData\Actor_14\03-01-04-01-02-02-14.wav
sad,RavdessData\Actor_14\03-01-04-02-01-01-14.wav
sad,RavdessData\Actor_14\03-01-04-02-01-02-14.wav
sad,RavdessData\Actor_14\03-01-04-02-02-01-14.wav
sad,RavdessData\Actor_14\03-01-04-02-02-02-14.wav
angry,RavdessData\Actor_14\03-01-05-01-01-01-14.wav
angry,RavdessData\Actor_14\03-01-05-01-01-02-14.wav
angry,RavdessData\Actor_14\03-01-05-01-02-01-14.wav
angry,RavdessData\Actor_14\03-01-05-01-02-02-14.wav
angry,RavdessData\Actor_14\03-01-05-02-01-01-14.wav
angry,RavdessData\Actor_14\03-01-05-02-01-02-14.wav
angry,RavdessData\Actor_14\03-01-05-02-02-01-14.wav
angry,RavdessData\Actor_14\03-01-05-02-02-02-14.wav
fear,RavdessData\Actor_14\03-01-06-01-01-01-14.wav
fear,RavdessData\Actor_14\03-01-06-01-01-02-14.wav
fear,RavdessData\Actor_14\03-01-06-01-02-01-14.wav
fear,RavdessData\Actor_14\03-01-06-01-02-02-14.wav
fear,RavdessData\Actor_14\03-01-06-02-01-01-14.wav
fear,RavdessData\Actor_14\03-01-06-02-01-02-14.wav
fear,RavdessData\Actor_14\03-01-06-02-02-01-14.wav
fear,RavdessData\Actor_14\03-01-06-02-02-02-14.wav
disgust,RavdessData\Actor_14\03-01-07-01-01-01-14.wav
disgust,RavdessData\Actor_14\03-01-07-01-01-02-14.wav
disgust,RavdessData\Actor_14\03-01-07-01-02-01-14.wav
disgust,RavdessData\Actor_14\03-01-07-01-02-02-14.wav
disgust,RavdessData\Actor_14\03-01-07-02-01-01-14.wav
disgust,RavdessData\Actor_14\03-01-07-02-01-02-14.wav
disgust,RavdessData\Actor_14\03-01-07-02-02-01-14.wav
disgust,RavdessData\Actor_14\03-01-07-02-02-02-14.wav
surprise,RavdessData\Actor_14\03-01-08-01-01-01-14.wav
surprise,RavdessData\Actor_14\03-01-08-01-01-02-14.wav
surprise,RavdessData\Actor_14\03-01-08-01-02-01-14.wav
surprise,RavdessData\Actor_14\03-01-08-01-02-02-14.wav
surprise,RavdessData\Actor_14\03-01-08-02-01-01-14.wav
surprise,RavdessData\Actor_14\03-01-08-02-01-02-14.wav
surprise,RavdessData\Actor_14\03-01-08-02-02-01-14.wav
surprise,RavdessData\Actor_14\03-01-08-02-02-02-14.wav
neutral,RavdessData\Actor_15\03-01-01-01-01-01-15.wav
neutral,RavdessData\Actor_15\03-01-01-01-01-02-15.wav
neutral,RavdessData\Actor_15\03-01-01-01-02-01-15.wav
neutral,RavdessData\Actor_15\03-01-01-01-02-02-15.wav
calm,RavdessData\Actor_15\03-01-02-01-01-01-15.wav
calm,RavdessData\Actor_15\03-01-02-01-01-02-15.wav
calm,RavdessData\Actor_15\03-01-02-01-02-01-15.wav
calm,RavdessData\Actor_15\03-01-02-01-02-02-15.wav
calm,RavdessData\Actor_15\03-01-02-02-01-01-15.wav
calm,RavdessData\Actor_15\03-01-02-02-01-02-15.wav
calm,RavdessData\Actor_15\03-01-02-02-02-01-15.wav
calm,RavdessData\Actor_15\03-01-02-02-02-02-15.wav
happy,RavdessData\Actor_15\03-01-03-01-01-01-15.wav
happy,RavdessData\Actor_15\03-01-03-01-01-02-15.wav
happy,RavdessData\Actor_15\03-01-03-01-02-01-15.wav
happy,RavdessData\Actor_15\03-01-03-01-02-02-15.wav
happy,RavdessData\Actor_15\03-01-03-02-01-01-15.wav
happy,RavdessData\Actor_15\03-01-03-02-01-02-15.wav
happy,RavdessData\Actor_15\03-01-03-02-02-01-15.wav
happy,RavdessData\Actor_15\03-01-03-02-02-02-15.wav
sad,RavdessData\Actor_15\03-01-04-01-01-01-15.wav
sad,RavdessData\Actor_15\03-01-04-01-01-02-15.wav
sad,RavdessData\Actor_15\03-01-04-01-02-01-15.wav
sad,RavdessData\Actor_15\03-01-04-01-02-02-15.wav
sad,RavdessData\Actor_15\03-01-04-02-01-01-15.wav
sad,RavdessData\Actor_15\03-01-04-02-01-02-15.wav
sad,RavdessData\Actor_15\03-01-04-02-02-01-15.wav
sad,RavdessData\Actor_15\03-01-04-02-02-02-15.wav
angry,RavdessData\Actor_15\03-01-05-01-01-01-15.wav
angry,RavdessData\Actor_15\03-01-05-01-01-02-15.wav
angry,RavdessData\Actor_15\03-01-05-01-02-01-15.wav
angry,RavdessData\Actor_15\03-01-05-01-02-02-15.wav
angry,RavdessData\Actor_15\03-01-05-02-01-01-15.wav
angry,RavdessData\Actor_15\03-01-05-02-01-02-15.wav
angry,RavdessData\Actor_15\03-01-05-02-02-01-15.wav
angry,RavdessData\Actor_15\03-01-05-02-02-02-15.wav
fear,RavdessData\Actor_15\03-01-06-01-01-01-15.wav
fear,RavdessData\Actor_15\03-01-06-01-01-02-15.wav
fear,RavdessData\Actor_15\03-01-06-01-02-01-15.wav
fear,RavdessData\Actor_15\03-01-06-01-02-02-15.wav
fear,RavdessData\Actor_15\03-01-06-02-01-01-15.wav
fear,RavdessData\Actor_15\03-01-06-02-01-02-15.wav
fear,RavdessData\Actor_15\03-01-06-02-02-01-15.wav
fear,RavdessData\Actor_15\03-01-06-02-02-02-15.wav
disgust,RavdessData\Actor_15\03-01-07-01-01-01-15.wav
disgust,RavdessData\Actor_15\03-01-07-01-01-02-15.wav
disgust,RavdessData\Actor_15\03-01-07-01-02-01-15.wav
disgust,RavdessData\Actor_15\03-01-07-01-02-02-15.wav
disgust,RavdessData\Actor_15\03-01-07-02-01-01-15.wav
disgust,RavdessData\Actor_15\03-01-07-02-01-02-15.wav
disgust,RavdessData\Actor_15\03-01-07-02-02-01-15.wav
disgust,RavdessData\Actor_15\03-01-07-02-02-02-15.wav
surprise,RavdessData\Actor_15\03-01-08-01-01-01-15.wav
surprise,RavdessData\Actor_15\03-01-08-01-01-02-15.wav
surprise,RavdessData\Actor_15\03-01-08-01-02-01-15.wav
surprise,RavdessData\Actor_15\03-01-08-01-02-02-15.wav
surprise,RavdessData\Actor_15\03-01-08-02-01-01-15.wav
surprise,RavdessData\Actor_15\03-01-08-02-01-02-15.wav
surprise,RavdessData\Actor_15\03-01-08-02-02-01-15.wav
surprise,RavdessData\Actor_15\03-01-08-02-02-02-15.wav
neutral,RavdessData\Actor_16\03-01-01-01-01-01-16.wav
neutral,RavdessData\Actor_16\03-01-01-01-01-02-16.wav
neutral,RavdessData\Actor_16\03-01-01-01-02-01-16.wav
neutral,RavdessData\Actor_16\03-01-01-01-02-02-16.wav
calm,RavdessData\Actor_16\03-01-02-01-01-01-16.wav
calm,RavdessData\Actor_16\03-01-02-01-01-02-16.wav
calm,RavdessData\Actor_16\03-01-02-01-02-01-16.wav
calm,RavdessData\Actor_16\03-01-02-01-02-02-16.wav
calm,RavdessData\Actor_16\03-01-02-02-01-01-16.wav
calm,RavdessData\Actor_16\03-01-02-02-01-02-16.wav
calm,RavdessData\Actor_16\03-01-02-02-02-01-16.wav
calm,RavdessData\Actor_16\03-01-02-02-02-02-16.wav
happy,RavdessData\Actor_16\03-01-03-01-01-01-16.wav
happy,RavdessData\Actor_16\03-01-03-01-01-02-16.wav
happy,RavdessData\Actor_16\03-01-03-01-02-01-16.wav
happy,RavdessData\Actor_16\03-01-03-01-02-02-16.wav
happy,RavdessData\Actor_16\03-01-03-02-01-01-16.wav
happy,RavdessData\Actor_16\03-01-03-02-01-02-16.wav
happy,RavdessData\Actor_16\03-01-03-02-02-01-16.wav
happy,RavdessData\Actor_16\03-01-03-02-02-02-16.wav
sad,RavdessData\Actor_16\03-01-04-01-01-01-16.wav
sad,RavdessData\Actor_16\03-01-04-01-01-02-16.wav
sad,RavdessData\Actor_16\03-01-04-01-02-01-16.wav
sad,RavdessData\Actor_16\03-01-04-01-02-02-16.wav
sad,RavdessData\Actor_16\03-01-04-02-01-01-16.wav
sad,RavdessData\Actor_16\03-01-04-02-01-02-16.wav
sad,RavdessData\Actor_16\03-01-04-02-02-01-16.wav
sad,RavdessData\Actor_16\03-01-04-02-02-02-16.wav
angry,RavdessData\Actor_16\03-01-05-01-01-01-16.wav
angry,RavdessData\Actor_16\03-01-05-01-01-02-16.wav
angry,RavdessData\Actor_16\03-01-05-01-02-01-16.wav
angry,RavdessData\Actor_16\03-01-05-01-02-02-16.wav
angry,RavdessData\Actor_16\03-01-05-02-01-01-16.wav
angry,RavdessData\Actor_16\03-01-05-02-01-02-16.wav
angry,RavdessData\Actor_16\03-01-05-02-02-01-16.wav
angry,RavdessData\Actor_16\03-01-05-02-02-02-16.wav
fear,RavdessData\Actor_16\03-01-06-01-01-01-16.wav
fear,RavdessData\Actor_16\03-01-06-01-01-02-16.wav
fear,RavdessData\Actor_16\03-01-06-01-02-01-16.wav
fear,RavdessData\Actor_16\03-01-06-01-02-02-16.wav
fear,RavdessData\Actor_16\03-01-06-02-01-01-16.wav
fear,RavdessData\Actor_16\03-01-06-02-01-02-16.wav
fear,RavdessData\Actor_16\03-01-06-02-02-01-16.wav
fear,RavdessData\Actor_16\03-01-06-02-02-02-16.wav
disgust,RavdessData\Actor_16\03-01-07-01-01-01-16.wav
disgust,RavdessData\Actor_16\03-01-07-01-01-02-16.wav
disgust,RavdessData\Actor_16\03-01-07-01-02-01-16.wav
disgust,RavdessData\Actor_16\03-01-07-01-02-02-16.wav
disgust,RavdessData\Actor_16\03-01-07-02-01-01-16.wav
disgust,RavdessData\Actor_16\03-01-07-02-01-02-16.wav
disgust,RavdessData\Actor_16\03-01-07-02-02-01-16.wav
disgust,RavdessData\Actor_16\03-01-07-02-02-02-16.wav
surprise,RavdessData\Actor_16\03-01-08-01-01-01-16.wav
surprise,RavdessData\Actor_16\03-01-08-01-01-02-16.wav
surprise,RavdessData\Actor_16\03-01-08-01-02-01-16.wav
surprise,RavdessData\Actor_16\03-01-08-01-02-02-16.wav
surprise,RavdessData\Actor_16\03-01-08-02-01-01-16.wav
surprise,RavdessData\Actor_16\03-01-08-02-01-02-16.wav
surprise,RavdessData\Actor_16\03-01-08-02-02-01-16.wav
surprise,RavdessData\Actor_16\03-01-08-02-02-02-16.wav
neutral,RavdessData\Actor_17\03-01-01-01-01-01-17.wav
neutral,RavdessData\Actor_17\03-01-01-01-01-02-17.wav
neutral,RavdessData\Actor_17\03-01-01-01-02-01-17.wav
neutral,RavdessData\Actor_17\03-01-01-01-02-02-17.wav
calm,RavdessData\Actor_17\03-01-02-01-01-01-17.wav
calm,RavdessData\Actor_17\03-01-02-01-01-02-17.wav
calm,RavdessData\Actor_17\03-01-02-01-02-01-17.wav
calm,RavdessData\Actor_17\03-01-02-01-02-02-17.wav
calm,RavdessData\Actor_17\03-01-02-02-01-01-17.wav
calm,RavdessData\Actor_17\03-01-02-02-01-02-17.wav
calm,RavdessData\Actor_17\03-01-02-02-02-01-17.wav
calm,RavdessData\Actor_17\03-01-02-02-02-02-17.wav
happy,RavdessData\Actor_17\03-01-03-01-01-01-17.wav
happy,RavdessData\Actor_17\03-01-03-01-01-02-17.wav
happy,RavdessData\Actor_17\03-01-03-01-02-01-17.wav
happy,RavdessData\Actor_17\03-01-03-01-02-02-17.wav
happy,RavdessData\Actor_17\03-01-03-02-01-01-17.wav
happy,RavdessData\Actor_17\03-01-03-02-01-02-17.wav
happy,RavdessData\Actor_17\03-01-03-02-02-01-17.wav
happy,RavdessData\Actor_17\03-01-03-02-02-02-17.wav
sad,RavdessData\Actor_17\03-01-04-01-01-01-17.wav
sad,RavdessData\Actor_17\03-01-04-01-01-02-17.wav
sad,RavdessData\Actor_17\03-01-04-01-02-01-17.wav
sad,RavdessData\Actor_17\03-01-04-01-02-02-17.wav
sad,RavdessData\Actor_17\03-01-04-02-01-01-17.wav
sad,RavdessData\Actor_17\03-01-04-02-01-02-17.wav
sad,RavdessData\Actor_17\03-01-04-02-02-01-17.wav
sad,RavdessData\Actor_17\03-01-04-02-02-02-17.wav
angry,RavdessData\Actor_17\03-01-05-01-01-01-17.wav
angry,RavdessData\Actor_17\03-01-05-01-01-02-17.wav
angry,RavdessData\Actor_17\03-01-05-01-02-01-17.wav
angry,RavdessData\Actor_17\03-01-05-01-02-02-17.wav
angry,RavdessData\Actor_17\03-01-05-02-01-01-17.wav
angry,RavdessData\Actor_17\03-01-05-02-01-02-17.wav
angry,RavdessData\Actor_17\03-01-05-02-02-01-17.wav
angry,RavdessData\Actor_17\03-01-05-02-02-02-17.wav
fear,RavdessData\Actor_17\03-01-06-01-01-01-17.wav
fear,RavdessData\Actor_17\03-01-06-01-01-02-17.wav
fear,RavdessData\Actor_17\03-01-06-01-02-01-17.wav
fear,RavdessData\Actor_17\03-01-06-01-02-02-17.wav
fear,RavdessData\Actor_17\03-01-06-02-01-01-17.wav
fear,RavdessData\Actor_17\03-01-06-02-01-02-17.wav
fear,RavdessData\Actor_17\03-01-06-02-02-01-17.wav
fear,RavdessData\Actor_17\03-01-06-02-02-02-17.wav
disgust,RavdessData\Actor_17\03-01-07-01-01-01-17.wav
disgust,RavdessData\Actor_17\03-01-07-01-01-02-17.wav
disgust,RavdessData\Actor_17\03-01-07-01-02-01-17.wav
disgust,RavdessData\Actor_17\03-01-07-01-02-02-17.wav
disgust,RavdessData\Actor_17\03-01-07-02-01-01-17.wav
disgust,RavdessData\Actor_17\03-01-07-02-01-02-17.wav
disgust,RavdessData\Actor_17\03-01-07-02-02-01-17.wav
disgust,RavdessData\Actor_17\03-01-07-02-02-02-17.wav
surprise,RavdessData\Actor_17\03-01-08-01-01-01-17.wav
surprise,RavdessData\Actor_17\03-01-08-01-01-02-17.wav
surprise,RavdessData\Actor_17\03-01-08-01-02-01-17.wav
surprise,RavdessData\Actor_17\03-01-08-01-02-02-17.wav
surprise,RavdessData\Actor_17\03-01-08-02-01-01-17.wav
surprise,RavdessData\Actor_17\03-01-08-02-01-02-17.wav
surprise,RavdessData\Actor_17\03-01-08-02-02-01-17.wav
surprise,RavdessData\Actor_17\03-01-08-02-02-02-17.wav
neutral,RavdessData\Actor_18\03-01-01-01-01-01-18.wav
neutral,RavdessData\Actor_18\03-01-01-01-01-02-18.wav
neutral,RavdessData\Actor_18\03-01-01-01-02-01-18.wav
neutral,RavdessData\Actor_18\03-01-01-01-02-02-18.wav
calm,RavdessData\Actor_18\03-01-02-01-01-01-18.wav
calm,RavdessData\Actor_18\03-01-02-01-01-02-18.wav
calm,RavdessData\Actor_18\03-01-02-01-02-01-18.wav
calm,RavdessData\Actor_18\03-01-02-01-02-02-18.wav
calm,RavdessData\Actor_18\03-01-02-02-01-01-18.wav
calm,RavdessData\Actor_18\03-01-02-02-01-02-18.wav
calm,RavdessData\Actor_18\03-01-02-02-02-01-18.wav
calm,RavdessData\Actor_18\03-01-02-02-02-02-18.wav
happy,RavdessData\Actor_18\03-01-03-01-01-01-18.wav
happy,RavdessData\Actor_18\03-01-03-01-01-02-18.wav
happy,RavdessData\Actor_18\03-01-03-01-02-01-18.wav
happy,RavdessData\Actor_18\03-01-03-01-02-02-18.wav
happy,RavdessData\Actor_18\03-01-03-02-01-01-18.wav
happy,RavdessData\Actor_18\03-01-03-02-01-02-18.wav
happy,RavdessData\Actor_18\03-01-03-02-02-01-18.wav
happy,RavdessData\Actor_18\03-01-03-02-02-02-18.wav
sad,RavdessData\Actor_18\03-01-04-01-01-01-18.wav
sad,RavdessData\Actor_18\03-01-04-01-01-02-18.wav
sad,RavdessData\Actor_18\03-01-04-01-02-01-18.wav
sad,RavdessData\Actor_18\03-01-04-01-02-02-18.wav
sad,RavdessData\Actor_18\03-01-04-02-01-01-18.wav
sad,RavdessData\Actor_18\03-01-04-02-01-02-18.wav
sad,RavdessData\Actor_18\03-01-04-02-02-01-18.wav
sad,RavdessData\Actor_18\03-01-04-02-02-02-18.wav
angry,RavdessData\Actor_18\03-01-05-01-01-01-18.wav
angry,RavdessData\Actor_18\03-01-05-01-01-02-18.wav
angry,RavdessData\Actor_18\03-01-05-01-02-01-18.wav
angry,RavdessData\Actor_18\03-01-05-01-02-02-18.wav
angry,RavdessData\Actor_18\03-01-05-02-01-01-18.wav
angry,RavdessData\Actor_18\03-01-05-02-01-02-18.wav
angry,RavdessData\Actor_18\03-01-05-02-02-01-18.wav
angry,RavdessData\Actor_18\03-01-05-02-02-02-18.wav
fear,RavdessData\Actor_18\03-01-06-01-01-01-18.wav
fear,RavdessData\Actor_18\03-01-06-01-01-02-18.wav
fear,RavdessData\Actor_18\03-01-06-01-02-01-18.wav
fear,RavdessData\Actor_18\03-01-06-01-02-02-18.wav
fear,RavdessData\Actor_18\03-01-06-02-01-01-18.wav
fear,RavdessData\Actor_18\03-01-06-02-01-02-18.wav
fear,RavdessData\Actor_18\03-01-06-02-02-01-18.wav
fear,RavdessData\Actor_18\03-01-06-02-02-02-18.wav
disgust,RavdessData\Actor_18\03-01-07-01-01-01-18.wav
disgust,RavdessData\Actor_18\03-01-07-01-01-02-18.wav
disgust,RavdessData\Actor_18\03-01-07-01-02-01-18.wav
disgust,RavdessData\Actor_18\03-01-07-01-02-02-18.wav
disgust,RavdessData\Actor_18\03-01-07-02-01-01-18.wav
disgust,RavdessData\Actor_18\03-01-07-02-01-02-18.wav
disgust,RavdessData\Actor_18\03-01-07-02-02-01-18.wav
disgust,RavdessData\Actor_18\03-01-07-02-02-02-18.wav
surprise,RavdessData\Actor_18\03-01-08-01-01-01-18.wav
surprise,RavdessData\Actor_18\03-01-08-01-01-02-18.wav
surprise,RavdessData\Actor_18\03-01-08-01-02-01-18.wav
surprise,RavdessData\Actor_18\03-01-08-01-02-02-18.wav
surprise,RavdessData\Actor_18\03-01-08-02-01-01-18.wav
surprise,RavdessData\Actor_18\03-01-08-02-01-02-18.wav
surprise,RavdessData\Actor_18\03-01-08-02-02-01-18.wav
surprise,RavdessData\Actor_18\03-01-08-02-02-02-18.wav
neutral,RavdessData\Actor_19\03-01-01-01-01-01-19.wav
neutral,RavdessData\Actor_19\03-01-01-01-01-02-19.wav
neutral,RavdessData\Actor_19\03-01-01-01-02-01-19.wav
neutral,RavdessData\Actor_19\03-01-01-01-02-02-19.wav
calm,RavdessData\Actor_19\03-01-02-01-01-01-19.wav
calm,RavdessData\Actor_19\03-01-02-01-01-02-19.wav
calm,RavdessData\Actor_19\03-01-02-01-02-01-19.wav
calm,RavdessData\Actor_19\03-01-02-01-02-02-19.wav
calm,RavdessData\Actor_19\03-01-02-02-01-01-19.wav
calm,RavdessData\Actor_19\03-01-02-02-01-02-19.wav
calm,RavdessData\Actor_19\03-01-02-02-02-01-19.wav
calm,RavdessData\Actor_19\03-01-02-02-02-02-19.wav
happy,RavdessData\Actor_19\03-01-03-01-01-01-19.wav
happy,RavdessData\Actor_19\03-01-03-01-01-02-19.wav
happy,RavdessData\Actor_19\03-01-03-01-02-01-19.wav
happy,RavdessData\Actor_19\03-01-03-01-02-02-19.wav
happy,RavdessData\Actor_19\03-01-03-02-01-01-19.wav
happy,RavdessData\Actor_19\03-01-03-02-01-02-19.wav
happy,RavdessData\Actor_19\03-01-03-02-02-01-19.wav
happy,RavdessData\Actor_19\03-01-03-02-02-02-19.wav
sad,RavdessData\Actor_19\03-01-04-01-01-01-19.wav
sad,RavdessData\Actor_19\03-01-04-01-01-02-19.wav
sad,RavdessData\Actor_19\03-01-04-01-02-01-19.wav
sad,RavdessData\Actor_19\03-01-04-01-02-02-19.wav
sad,RavdessData\Actor_19\03-01-04-02-01-01-19.wav
sad,RavdessData\Actor_19\03-01-04-02-01-02-19.wav
sad,RavdessData\Actor_19\03-01-04-02-02-01-19.wav
sad,RavdessData\Actor_19\03-01-04-02-02-02-19.wav
angry,RavdessData\Actor_19\03-01-05-01-01-01-19.wav
angry,RavdessData\Actor_19\03-01-05-01-01-02-19.wav
angry,RavdessData\Actor_19\03-01-05-01-02-01-19.wav
angry,RavdessData\Actor_19\03-01-05-01-02-02-19.wav
angry,RavdessData\Actor_19\03-01-05-02-01-01-19.wav
angry,RavdessData\Actor_19\03-01-05-02-01-02-19.wav
angry,RavdessData\Actor_19\03-01-05-02-02-01-19.wav
angry,RavdessData\Actor_19\03-01-05-02-02-02-19.wav
fear,RavdessData\Actor_19\03-01-06-01-01-01-19.wav
fear,RavdessData\Actor_19\03-01-06-01-01-02-19.wav
fear,RavdessData\Actor_19\03-01-06-01-02-01-19.wav
fear,RavdessData\Actor_19\03-01-06-01-02-02-19.wav
fear,RavdessData\Actor_19\03-01-06-02-01-01-19.wav
fear,RavdessData\Actor_19\03-01-06-02-01-02-19.wav
fear,RavdessData\Actor_19\03-01-06-02-02-01-19.wav
fear,RavdessData\Actor_19\03-01-06-02-02-02-19.wav
disgust,RavdessData\Actor_19\03-01-07-01-01-01-19.wav
disgust,RavdessData\Actor_19\03-01-07-01-01-02-19.wav
disgust,RavdessData\Actor_19\03-01-07-01-02-01-19.wav
disgust,RavdessData\Actor_19\03-01-07-01-02-02-19.wav
disgust,RavdessData\Actor_19\03-01-07-02-01-01-19.wav
disgust,RavdessData\Actor_19\03-01-07-02-01-02-19.wav
disgust,RavdessData\Actor_19\03-01-07-02-02-01-19.wav
disgust,RavdessData\Actor_19\03-01-07-02-02-02-19.wav
surprise,RavdessData\Actor_19\03-01-08-01-01-01-19.wav
surprise,RavdessData\Actor_19\03-01-08-01-01-02-19.wav
surprise,RavdessData\Actor_19\03-01-08-01-02-01-19.wav
surprise,RavdessData\Actor_19\03-01-08-01-02-02-19.wav
surprise,RavdessData\Actor_19\03-01-08-02-01-01-19.wav
surprise,RavdessData\Actor_19\03-01-08-02-01-02-19.wav
surprise,RavdessData\Actor_19\03-01-08-02-02-01-19.wav
surprise,RavdessData\Actor_19\03-01-08-02-02-02-19.wav
neutral,RavdessData\Actor_20\03-01-01-01-01-01-20.wav
neutral,RavdessData\Actor_20\03-01-01-01-01-02-20.wav
neutral,RavdessData\Actor_20\03-01-01-01-02-01-20.wav
neutral,RavdessData\Actor_20\03-01-01-01-02-02-20.wav
calm,RavdessData\Actor_20\03-01-02-01-01-01-20.wav
calm,RavdessData\Actor_20\03-01-02-01-01-02-20.wav
calm,RavdessData\Actor_20\03-01-02-01-02-01-20.wav
calm,RavdessData\Actor_20\03-01-02-01-02-02-20.wav
calm,RavdessData\Actor_20\03-01-02-02-01-01-20.wav
calm,RavdessData\Actor_20\03-01-02-02-01-02-20.wav
calm,RavdessData\Actor_20\03-01-02-02-02-01-20.wav
calm,RavdessData\Actor_20\03-01-02-02-02-02-20.wav
happy,RavdessData\Actor_20\03-01-03-01-01-01-20.wav
happy,RavdessData\Actor_20\03-01-03-01-01-02-20.wav
happy,RavdessData\Actor_20\03-01-03-01-02-01-20.wav
happy,RavdessData\Actor_20\03-01-03-01-02-02-20.wav
happy,RavdessData\Actor_20\03-01-03-02-01-01-20.wav
happy,RavdessData\Actor_20\03-01-03-02-01-02-20.wav
happy,RavdessData\Actor_20\03-01-03-02-02-01-20.wav
happy,RavdessData\Actor_20\03-01-03-02-02-02-20.wav
sad,RavdessData\Actor_20\03-01-04-01-01-01-20.wav
sad,RavdessData\Actor_20\03-01-04-01-01-02-20.wav
sad,RavdessData\Actor_20\03-01-04-01-02-01-20.wav
sad,RavdessData\Actor_20\03-01-04-01-02-02-20.wav
sad,RavdessData\Actor_20\03-01-04-02-01-01-20.wav
sad,RavdessData\Actor_20\03-01-04-02-01-02-20.wav
sad,RavdessData\Actor_20\03-01-04-02-02-01-20.wav
sad,RavdessData\Actor_20\03-01-04-02-02-02-20.wav
angry,RavdessData\Actor_20\03-01-05-01-01-01-20.wav
angry,RavdessData\Actor_20\03-01-05-01-01-02-20.wav
angry,RavdessData\Actor_20\03-01-05-01-02-01-20.wav
angry,RavdessData\Actor_20\03-01-05-01-02-02-20.wav
angry,RavdessData\Actor_20\03-01-05-02-01-01-20.wav
angry,RavdessData\Actor_20\03-01-05-02-01-02-20.wav
angry,RavdessData\Actor_20\03-01-05-02-02-01-20.wav
angry,RavdessData\Actor_20\03-01-05-02-02-02-20.wav
fear,RavdessData\Actor_20\03-01-06-01-01-01-20.wav
fear,RavdessData\Actor_20\03-01-06-01-01-02-20.wav
fear,RavdessData\Actor_20\03-01-06-01-02-01-20.wav
fear,RavdessData\Actor_20\03-01-06-01-02-02-20.wav
fear,RavdessData\Actor_20\03-01-06-02-01-01-20.wav
fear,RavdessData\Actor_20\03-01-06-02-01-02-20.wav
fear,RavdessData\Actor_20\03-01-06-02-02-01-20.wav
fear,RavdessData\Actor_20\03-01-06-02-02-02-20.wav
disgust,RavdessData\Actor_20\03-01-07-01-01-01-20.wav
disgust,RavdessData\Actor_20\03-01-07-01-01-02-20.wav
disgust,RavdessData\Actor_20\03-01-07-01-02-01-20.wav
disgust,RavdessData\Actor_20\03-01-07-01-02-02-20.wav
disgust,RavdessData\Actor_20\03-01-07-02-01-01-20.wav
disgust,RavdessData\Actor_20\03-01-07-02-01-02-20.wav
disgust,RavdessData\Actor_20\03-01-07-02-02-01-20.wav
disgust,RavdessData\Actor_20\03-01-07-02-02-02-20.wav
surprise,RavdessData\Actor_20\03-01-08-01-01-01-20.wav
surprise,RavdessData\Actor_20\03-01-08-01-01-02-20.wav
surprise,RavdessData\Actor_20\03-01-08-01-02-01-20.wav
surprise,RavdessData\Actor_20\03-01-08-01-02-02-20.wav
surprise,RavdessData\Actor_20\03-01-08-02-01-01-20.wav
surprise,RavdessData\Actor_20\03-01-08-02-01-02-20.wav
surprise,RavdessData\Actor_20\03-01-08-02-02-01-20.wav
surprise,RavdessData\Actor_20\03-01-08-02-02-02-20.wav
neutral,RavdessData\Actor_21\03-01-01-01-01-01-21.wav
neutral,RavdessData\Actor_21\03-01-01-01-01-02-21.wav
neutral,RavdessData\Actor_21\03-01-01-01-02-01-21.wav
neutral,RavdessData\Actor_21\03-01-01-01-02-02-21.wav
calm,RavdessData\Actor_21\03-01-02-01-01-01-21.wav
calm,RavdessData\Actor_21\03-01-02-01-01-02-21.wav
calm,RavdessData\Actor_21\03-01-02-01-02-01-21.wav
calm,RavdessData\Actor_21\03-01-02-01-02-02-21.wav
calm,RavdessData\Actor_21\03-01-02-02-01-01-21.wav
calm,RavdessData\Actor_21\03-01-02-02-01-02-21.wav
calm,RavdessData\Actor_21\03-01-02-02-02-01-21.wav
calm,RavdessData\Actor_21\03-01-02-02-02-02-21.wav
happy,RavdessData\Actor_21\03-01-03-01-01-01-21.wav
happy,RavdessData\Actor_21\03-01-03-01-01-02-21.wav
happy,RavdessData\Actor_21\03-01-03-01-02-01-21.wav
happy,RavdessData\Actor_21\03-01-03-01-02-02-21.wav
happy,RavdessData\Actor_21\03-01-03-02-01-01-21.wav
happy,RavdessData\Actor_21\03-01-03-02-01-02-21.wav
happy,RavdessData\Actor_21\03-01-03-02-02-01-21.wav
happy,RavdessData\Actor_21\03-01-03-02-02-02-21.wav
sad,RavdessData\Actor_21\03-01-04-01-01-01-21.wav
sad,RavdessData\Actor_21\03-01-04-01-01-02-21.wav
sad,RavdessData\Actor_21\03-01-04-01-02-01-21.wav
sad,RavdessData\Actor_21\03-01-04-01-02-02-21.wav
sad,RavdessData\Actor_21\03-01-04-02-01-01-21.wav
sad,RavdessData\Actor_21\03-01-04-02-01-02-21.wav
sad,RavdessData\Actor_21\03-01-04-02-02-01-21.wav
sad,RavdessData\Actor_21\03-01-04-02-02-02-21.wav
angry,RavdessData\Actor_21\03-01-05-01-01-01-21.wav
angry,RavdessData\Actor_21\03-01-05-01-01-02-21.wav
angry,RavdessData\Actor_21\03-01-05-01-02-01-21.wav
angry,RavdessData\Actor_21\03-01-05-01-02-02-21.wav
angry,RavdessData\Actor_21\03-01-05-02-01-01-21.wav
angry,RavdessData\Actor_21\03-01-05-02-01-02-21.wav
angry,RavdessData\Actor_21\03-01-05-02-02-01-21.wav
angry,RavdessData\Actor_21\03-01-05-02-02-02-21.wav
fear,RavdessData\Actor_21\03-01-06-01-01-01-21.wav
fear,RavdessData\Actor_21\03-01-06-01-01-02-21.wav
fear,RavdessData\Actor_21\03-01-06-01-02-01-21.wav
fear,RavdessData\Actor_21\03-01-06-01-02-02-21.wav
fear,RavdessData\Actor_21\03-01-06-02-01-01-21.wav
fear,RavdessData\Actor_21\03-01-06-02-01-02-21.wav
fear,RavdessData\Actor_21\03-01-06-02-02-01-21.wav
fear,RavdessData\Actor_21\03-01-06-02-02-02-21.wav
disgust,RavdessData\Actor_21\03-01-07-01-01-01-21.wav
disgust,RavdessData\Actor_21\03-01-07-01-01-02-21.wav
disgust,RavdessData\Actor_21\03-01-07-01-02-01-21.wav
disgust,RavdessData\Actor_21\03-01-07-01-02-02-21.wav
disgust,RavdessData\Actor_21\03-01-07-02-01-01-21.wav
disgust,RavdessData\Actor_21\03-01-07-02-01-02-21.wav
disgust,RavdessData\Actor_21\03-01-07-02-02-01-21.wav
disgust,RavdessData\Actor_21\03-01-07-02-02-02-21.wav
surprise,RavdessData\Actor_21\03-01-08-01-01-01-21.wav
surprise,RavdessData\Actor_21\03-01-08-01-01-02-21.wav
surprise,RavdessData\Actor_21\03-01-08-01-02-01-21.wav
surprise,RavdessData\Actor_21\03-01-08-01-02-02-21.wav
surprise,RavdessData\Actor_21\03-01-08-02-01-01-21.wav
surprise,RavdessData\Actor_21\03-01-08-02-01-02-21.wav
surprise,RavdessData\Actor_21\03-01-08-02-02-01-21.wav
surprise,RavdessData\Actor_21\03-01-08-02-02-02-21.wav
neutral,RavdessData\Actor_22\03-01-01-01-01-01-22.wav
neutral,RavdessData\Actor_22\03-01-01-01-01-02-22.wav
neutral,RavdessData\Actor_22\03-01-01-01-02-01-22.wav
neutral,RavdessData\Actor_22\03-01-01-01-02-02-22.wav
calm,RavdessData\Actor_22\03-01-02-01-01-01-22.wav
calm,RavdessData\Actor_22\03-01-02-01-01-02-22.wav
calm,RavdessData\Actor_22\03-01-02-01-02-01-22.wav
calm,RavdessData\Actor_22\03-01-02-01-02-02-22.wav
calm,RavdessData\Actor_22\03-01-02-02-01-01-22.wav
calm,RavdessData\Actor_22\03-01-02-02-01-02-22.wav
calm,RavdessData\Actor_22\03-01-02-02-02-01-22.wav
calm,RavdessData\Actor_22\03-01-02-02-02-02-22.wav
happy,RavdessData\Actor_22\03-01-03-01-01-01-22.wav
happy,RavdessData\Actor_22\03-01-03-01-01-02-22.wav
happy,RavdessData\Actor_22\03-01-03-01-02-01-22.wav
happy,RavdessData\Actor_22\03-01-03-01-02-02-22.wav
happy,RavdessData\Actor_22\03-01-03-02-01-01-22.wav
happy,RavdessData\Actor_22\03-01-03-02-01-02-22.wav
happy,RavdessData\Actor_22\03-01-03-02-02-01-22.wav
happy,RavdessData\Actor_22\03-01-03-02-02-02-22.wav
sad,RavdessData\Actor_22\03-01-04-01-01-01-22.wav
sad,RavdessData\Actor_22\03-01-04-01-01-02-22.wav
sad,RavdessData\Actor_22\03-01-04-01-02-01-22.wav
sad,RavdessData\Actor_22\03-01-04-01-02-02-22.wav
sad,RavdessData\Actor_22\03-01-04-02-01-01-22.wav
sad,RavdessData\Actor_22\03-01-04-02-01-02-22.wav
sad,RavdessData\Actor_22\03-01-04-02-02-01-22.wav
sad,RavdessData\Actor_22\03-01-04-02-02-02-22.wav
angry,RavdessData\Actor_22\03-01-05-01-01-01-22.wav
angry,RavdessData\Actor_22\03-01-05-01-01-02-22.wav
angry,RavdessData\Actor_22\03-01-05-01-02-01-22.wav
angry,RavdessData\Actor_22\03-01-05-01-02-02-22.wav
angry,RavdessData\Actor_22\03-01-05-02-01-01-22.wav
angry,RavdessData\Actor_22\03-01-05-02-01-02-22.wav
angry,RavdessData\Actor_22\03-01-05-02-02-01-22.wav
angry,RavdessData\Actor_22\03-01-05-02-02-02-22.wav
fear,RavdessData\Actor_22\03-01-06-01-01-01-22.wav
fear,RavdessData\Actor_22\03-01-06-01-01-02-22.wav
fear,RavdessData\Actor_22\03-01-06-01-02-01-22.wav
fear,RavdessData\Actor_22\03-01-06-01-02-02-22.wav
fear,RavdessData\Actor_22\03-01-06-02-01-01-22.wav
fear,RavdessData\Actor_22\03-01-06-02-01-02-22.wav
fear,RavdessData\Actor_22\03-01-06-02-02-01-22.wav
fear,RavdessData\Actor_22\03-01-06-02-02-02-22.wav
disgust,RavdessData\Actor_22\03-01-07-01-01-01-22.wav
disgust,RavdessData\Actor_22\03-01-07-01-01-02-22.wav
disgust,RavdessData\Actor_22\03-01-07-01-02-01-22.wav
disgust,RavdessData\Actor_22\03-01-07-01-02-02-22.wav
disgust,RavdessData\Actor_22\03-01-07-02-01-01-22.wav
disgust,RavdessData\Actor_22\03-01-07-02-01-02-22.wav
disgust,RavdessData\Actor_22\03-01-07-02-02-01-22.wav
disgust,RavdessData\Actor_22\03-01-07-02-02-02-22.wav
surprise,RavdessData\Actor_22\03-01-08-01-01-01-22.wav
surprise,RavdessData\Actor_22\03-01-08-01-01-02-22.wav
surprise,RavdessData\Actor_22\03-01-08-01-02-01-22.wav
surprise,RavdessData\Actor_22\03-01-08-01-02-02-22.wav
surprise,RavdessData\Actor_22\03-01-08-02-01-01-22.wav
surprise,RavdessData\Actor_22\03-01-08-02-01-02-22.wav
surprise,RavdessData\Actor_22\03-01-08-02-02-01-22.wav
surprise,RavdessData\Actor_22\03-01-08-02-02-02-22.wav
neutral,RavdessData\Actor_23\03-01-01-01-01-01-23.wav
neutral,RavdessData\Actor_23\03-01-01-01-01-02-23.wav
neutral,RavdessData\Actor_23\03-01-01-01-02-01-23.wav
neutral,RavdessData\Actor_23\03-01-01-01-02-02-23.wav
calm,RavdessData\Actor_23\03-01-02-01-01-01-23.wav
calm,RavdessData\Actor_23\03-01-02-01-01-02-23.wav
calm,RavdessData\Actor_23\03-01-02-01-02-01-23.wav
calm,RavdessData\Actor_23\03-01-02-01-02-02-23.wav
calm,RavdessData\Actor_23\03-01-02-02-01-01-23.wav
calm,RavdessData\Actor_23\03-01-02-02-01-02-23.wav
calm,RavdessData\Actor_23\03-01-02-02-02-01-23.wav
calm,RavdessData\Actor_23\03-01-02-02-02-02-23.wav
happy,RavdessData\Actor_23\03-01-03-01-01-01-23.wav
happy,RavdessData\Actor_23\03-01-03-01-01-02-23.wav
happy,RavdessData\Actor_23\03-01-03-01-02-01-23.wav
happy,RavdessData\Actor_23\03-01-03-01-02-02-23.wav
happy,RavdessData\Actor_23\03-01-03-02-01-01-23.wav
happy,RavdessData\Actor_23\03-01-03-02-01-02-23.wav
happy,RavdessData\Actor_23\03-01-03-02-02-01-23.wav
happy,RavdessData\Actor_23\03-01-03-02-02-02-23.wav
sad,RavdessData\Actor_23\03-01-04-01-01-01-23.wav
sad,RavdessData\Actor_23\03-01-04-01-01-02-23.wav
sad,RavdessData\Actor_23\03-01-04-01-02-01-23.wav
sad,RavdessData\Actor_23\03-01-04-01-02-02-23.wav
sad,RavdessData\Actor_23\03-01-04-02-01-01-23.wav
sad,RavdessData\Actor_23\03-01-04-02-01-02-23.wav
sad,RavdessData\Actor_23\03-01-04-02-02-01-23.wav
sad,RavdessData\Actor_23\03-01-04-02-02-02-23.wav
angry,RavdessData\Actor_23\03-01-05-01-01-01-23.wav
angry,RavdessData\Actor_23\03-01-05-01-01-02-23.wav
angry,RavdessData\Actor_23\03-01-05-01-02-01-23.wav
angry,RavdessData\Actor_23\03-01-05-01-02-02-23.wav
angry,RavdessData\Actor_23\03-01-05-02-01-01-23.wav
angry,RavdessData\Actor_23\03-01-05-02-01-02-23.wav
angry,RavdessData\Actor_23\03-01-05-02-02-01-23.wav
angry,RavdessData\Actor_23\03-01-05-02-02-02-23.wav
fear,RavdessData\Actor_23\03-01-06-01-01-01-23.wav
fear,RavdessData\Actor_23\03-01-06-01-01-02-23.wav
fear,RavdessData\Actor_23\03-01-06-01-02-01-23.wav
fear,RavdessData\Actor_23\03-01-06-01-02-02-23.wav
fear,RavdessData\Actor_23\03-01-06-02-01-01-23.wav
fear,RavdessData\Actor_23\03-01-06-02-01-02-23.wav
fear,RavdessData\Actor_23\03-01-06-02-02-01-23.wav
fear,RavdessData\Actor_23\03-01-06-02-02-02-23.wav
disgust,RavdessData\Actor_23\03-01-07-01-01-01-23.wav
disgust,RavdessData\Actor_23\03-01-07-01-01-02-23.wav
disgust,RavdessData\Actor_23\03-01-07-01-02-01-23.wav
disgust,RavdessData\Actor_23\03-01-07-01-02-02-23.wav
disgust,RavdessData\Actor_23\03-01-07-02-01-01-23.wav
disgust,RavdessData\Actor_23\03-01-07-02-01-02-23.wav
disgust,RavdessData\Actor_23\03-01-07-02-02-01-23.wav
disgust,RavdessData\Actor_23\03-01-07-02-02-02-23.wav
surprise,RavdessData\Actor_23\03-01-08-01-01-01-23.wav
surprise,RavdessData\Actor_23\03-01-08-01-01-02-23.wav
surprise,RavdessData\Actor_23\03-01-08-01-02-01-23.wav
surprise,RavdessData\Actor_23\03-01-08-01-02-02-23.wav
surprise,RavdessData\Actor_23\03-01-08-02-01-01-23.wav
surprise,RavdessData\Actor_23\03-01-08-02-01-02-23.wav
surprise,RavdessData\Actor_23\03-01-08-02-02-01-23.wav
surprise,RavdessData\Actor_23\03-01-08-02-02-02-23.wav
neutral,RavdessData\Actor_24\03-01-01-01-01-01-24.wav
neutral,RavdessData\Actor_24\03-01-01-01-01-02-24.wav
neutral,RavdessData\Actor_24\03-01-01-01-02-01-24.wav
neutral,RavdessData\Actor_24\03-01-01-01-02-02-24.wav
calm,RavdessData\Actor_24\03-01-02-01-01-01-24.wav
calm,RavdessData\Actor_24\03-01-02-01-01-02-24.wav
calm,RavdessData\Actor_24\03-01-02-01-02-01-24.wav
calm,RavdessData\Actor_24\03-01-02-01-02-02-24.wav
calm,RavdessData\Actor_24\03-01-02-02-01-01-24.wav
calm,RavdessData\Actor_24\03-01-02-02-01-02-24.wav
calm,RavdessData\Actor_24\03-01-02-02-02-01-24.wav
calm,RavdessData\Actor_24\03-01-02-02-02-02-24.wav
happy,RavdessData\Actor_24\03-01-03-01-01-01-24.wav
happy,RavdessData\Actor_24\03-01-03-01-01-02-24.wav
happy,RavdessData\Actor_24\03-01-03-01-02-01-24.wav
happy,RavdessData\Actor_24\03-01-03-01-02-02-24.wav
happy,RavdessData\Actor_24\03-01-03-02-01-01-24.wav
happy,RavdessData\Actor_24\03-01-03-02-01-02-24.wav
happy,RavdessData\Actor_24\03-01-03-02-02-01-24.wav
happy,RavdessData\Actor_24\03-01-03-02-02-02-24.wav
sad,RavdessData\Actor_24\03-01-04-01-01-01-24.wav
sad,RavdessData\Actor_24\03-01-04-01-01-02-24.wav
sad,RavdessData\Actor_24\03-01-04-01-02-01-24.wav
sad,RavdessData\Actor_24\03-01-04-01-02-02-24.wav
sad,RavdessData\Actor_24\03-01-04-02-01-01-24.wav
sad,RavdessData\Actor_24\03-01-04-02-01-02-24.wav
sad,RavdessData\Actor_24\03-01-04-02-02-01-24.wav
sad,RavdessData\Actor_24\03-01-04-02-02-02-24.wav
angry,RavdessData\Actor_24\03-01-05-01-01-01-24.wav
angry,RavdessData\Actor_24\03-01-05-01-01-02-24.wav
angry,RavdessData\Actor_24\03-01-05-01-02-01-24.wav
angry,RavdessData\Actor_24\03-01-05-01-02-02-24.wav
angry,RavdessData\Actor_24\03-01-05-02-01-01-24.wav
angry,RavdessData\Actor_24\03-01-05-02-01-02-24.wav
angry,RavdessData\Actor_24\03-01-05-02-02-01-24.wav
angry,RavdessData\Actor_24\03-01-05-02-02-02-24.wav
fear,RavdessData\Actor_24\03-01-06-01-01-01-24.wav
fear,RavdessData\Actor_24\03-01-06-01-01-02-24.wav
fear,RavdessData\Actor_24\03-01-06-01-02-01-24.wav
fear,RavdessData\Actor_24\03-01-06-01-02-02-24.wav
fear,RavdessData\Actor_24\03-01-06-02-01-01-24.wav
fear,RavdessData\Actor_24\03-01-06-02-01-02-24.wav
fear,RavdessData\Actor_24\03-01-06-02-02-01-24.wav
fear,RavdessData\Actor_24\03-01-06-02-02-02-24.wav
disgust,RavdessData\Actor_24\03-01-07-01-01-01-24.wav
disgust,RavdessData\Actor_24\03-01-07-01-01-02-24.wav
disgust,RavdessData\Actor_24\03-01-07-01-02-01-24.wav
disgust,RavdessData\Actor_24\03-01-07-01-02-02-24.wav
disgust,RavdessData\Actor_24\03-01-07-02-01-01-24.wav
disgust,RavdessData\Actor_24\03-01-07-02-01-02-24.wav
disgust,RavdessData\Actor_24\03-01-07-02-02-01-24.wav
disgust,RavdessData\Actor_24\03-01-07-02-02-02-24.wav
surprise,RavdessData\Actor_24\03-01-08-01-01-01-24.wav
surprise,RavdessData\Actor_24\03-01-08-01-01-02-24.wav
surprise,RavdessData\Actor_24\03-01-08-01-02-01-24.wav
surprise,RavdessData\Actor_24\03-01-08-01-02-02-24.wav
surprise,RavdessData\Actor_24\03-01-08-02-01-01-24.wav
surprise,RavdessData\Actor_24\03-01-08-02-01-02-24.wav
surprise,RavdessData\Actor_24\03-01-08-02-02-01-24.wav
surprise,RavdessData\Actor_24\03-01-08-02-02-02-24.wav
